Month,Apple Picking Season,April Fool's Day Pranks,Armistice Day,Autumn Equinox Meaning,Back to School Night for Parents,Back to School Outfit Ideas,Back to School Supplies,Bastille Day Events,Black Friday Deals,Breast Cancer Awareness Month Activities,Canada Day Fireworks,Cherry Blossom Bloom Dates,Cherry Blossom Festival Events,Cherry Harvest Time,Chinese Lantern Festival Activities,Chinese New Year Traditions,Christmas Tree Farms Near Me,Cinco de Mayo Recipes,Coachella Festival Dates,Cold Symptoms,Columbus Day Sales,Common Application,Corn Mazes,Cyber Monday Sales,Day of the Dead Celebrations,Diwali Celebration Ideas,Earth Day Activities,Easter Egg Hunt Ideas,Eid al-Adha,Fall Foliage Prediction,Fall Harvest Festival Near Me,Fall of Saigon,Fall Semester Start Dates,Father's Day Gifts,First Day of Spring Celebrations,Fourth of July Fireworks Near Me,Golden Globes,Graduation Ceremony Ideas,Grandparents Day,Groundhog Day,Guy Fawkes Night Fireworks,Halloween Costume Ideas,Hanukkah Candle Lighting Schedule,High School Prom Themes,Hiroshima Bombing,Holiday Gift Ideas,Homecoming Dance Ideas,Hurricane Season Prep,International Women's Day Events,International Yoga Day Events,King's Day in the Netherlands,Kwanzaa Principles,Labor Day Weekend Getaways,Mardi Gras Events,Memorial Day Weekend Travel,Mid-Autumn Festival Traditions,Monsoon Season Destinations,Mother's Day Gifts,NBA Finals Schedule,NCAA March Madness Bracket,New Year's Eve Party Ideas,New Year's Resolutions,NFC Championship,NFL Draft Predictions,Oktoberfest Celebrations Near Me,Parent-Teacher Conference Tips,Passover Meal Recipes,Pearl Harbor Attack,Pride Month Events,Pumpkin Carvings,Pumpkin Patch Near Me,Ramadan Fasting,Rosa Parks Day,Rosh Hashanah Traditions,Science Fair Project Ideas,September 11 Attacks,Ski Resorts,Spring Break Travel Destinations,St. Patrick's Day Parade,Summer Camp Registration,Summer Solstice Festivals,Summer Vacation Destinations,Sunflower Field Locations,Super Bowl Party Recipes,Teacher Appreciation Week,Thanksgiving Dinner Recipes,Trick or Treat,Tropical Storms,Tulip Festival Dates,US Open Tennis,Valentine's Day Gift Ideas,Veterans Day Parade,Wimbledon Matches Schedule,Winter Solstice Celebrations,Winter Storm Preparedness,World Environment Day Activities,World Mental Health Day,Yom Kippur Fasting Tips
2004-01,0,0,3,0,0,0,0,0,0,0,0,0,0,0,0,100,0,0,0,41,0,38,0,0,0,0,0,0,24,0,0,22,0,0,0,0,90,0,3,25,0,0,0,0,52,0,0,0,0,0,0,0,0,32,0,0,0,0,0,0,0,0,26,58,0,0,0,45,0,0,0,0,0,0,100,42,100,0,0,0,0,0,0,100,3,0,1,13,0,2,0,0,0,0,0,0,0,0
2004-02,0,0,5,0,0,0,0,0,0,0,0,0,0,0,0,17,0,0,0,40,0,20,0,0,0,0,0,0,28,0,0,0,0,0,0,0,11,0,4,75,0,0,0,0,63,0,0,0,0,0,0,0,0,100,0,0,0,0,0,0,0,0,2,59,0,0,0,76,0,0,0,0,0,0,67,55,62,0,0,0,0,0,0,0,3,0,1,13,0,1,0,0,0,0,0,0,0,0
2004-03,0,0,6,0,0,0,0,0,0,0,0,0,0,0,0,0,0,0,0,31,0,15,0,0,0,0,12,16,0,0,0,35,0,0,0,0,3,0,5,6,0,0,0,0,76,0,0,0,0,0,0,0,0,0,0,0,0,0,0,39,0,0,0,47,0,0,0,100,0,0,0,0,0,0,39,67,30,0,0,0,0,0,0,0,0,0,1,14,0,1,0,0,0,0,0,0,0,0
2004-04,0,0,5,0,0,0,0,0,0,0,0,0,0,0,0,0,0,38,0,30,0,13,0,0,0,0,75,29,0,0,0,31,0,0,0,0,2,0,5,5,0,0,0,0,90,0,0,0,0,0,0,0,0,0,0,0,0,0,0,0,0,0,0,49,0,0,0,86,0,0,0,0,0,0,23,87,16,0,0,0,0,0,0,0,14,0,1,8,0,2,0,0,0,0,0,0,0,0
2004-05,29,0,4,0,0,0,0,0,0,0,4,0,0,0,0,0,0,73,0,22,0,13,0,0,0,0,0,0,0,0,0,70,0,0,0,0,1,0,6,4,0,0,0,0,100,0,0,0,0,0,0,0,0,0,97,0,0,0,3,0,0,0,2,0,0,0,0,82,0,0,0,0,0,0,8,67,12,0,0,0,0,99,0,0,10,0,1,11,0,2,0,0,0,0,0,0,0,0
2004-06,0,0,4,0,0,0,0,0,0,0,25,0,0,0,0,0,0,0,0,20,0,15,0,0,0,0,0,0,0,0,0,18,0,0,0,0,1,0,5,4,0,0,0,0,45,0,0,0,0,0,0,0,0,0,0,0,0,0,6,0,0,0,0,0,0,0,0,28,0,0,0,0,0,0,4,56,13,0,0,0,0,0,0,0,0,0,1,8,0,4,0,0,0,0,0,0,0,0
2004-07,0,0,0,0,0,0,45,0,0,0,53,0,0,0,0,0,0,0,0,20,0,25,5,0,0,0,0,0,0,0,0,16,0,0,0,0,1,0,4,3,0,1,0,0,14,0,0,0,0,0,0,0,0,0,0,0,0,0,0,0,0,0,2,0,0,0,0,10,0,0,0,0,0,0,3,39,16,0,0,0,0,0,0,0,0,0,1,13,0,6,0,0,0,0,0,0,0,0
2004-08,0,0,0,0,0,0,64,0,0,0,0,0,0,0,0,0,0,0,0,22,0,37,11,0,0,0,0,0,0,0,0,14,0,0,0,0,1,0,16,4,0,2,0,0,28,5,0,0,0,0,0,0,0,23,0,0,0,0,0,0,0,0,0,0,0,0,0,14,0,0,0,3,0,0,17,59,22,0,0,0,0,0,0,0,2,0,1,60,0,19,0,0,0,0,0,0,0,0
2004-09,44,0,4,0,0,0,9,0,0,0,0,0,0,0,0,0,0,0,0,28,0,62,32,0,0,0,0,0,0,0,0,0,0,0,0,0,1,0,45,4,0,15,0,0,28,4,74,0,0,0,0,0,0,0,0,0,0,0,0,0,0,0,2,0,0,0,0,24,0,2,0,4,0,0,53,78,31,0,0,0,0,0,0,0,2,0,3,100,0,55,0,0,0,0,0,0,8,0
2004-10,26,0,7,0,0,0,0,0,0,0,0,0,0,0,0,0,0,0,0,36,21,84,99,0,100,0,0,0,0,0,0,14,0,0,0,0,1,0,5,4,52,100,0,0,35,13,0,0,0,0,0,0,0,0,0,0,0,0,0,0,0,0,3,0,0,0,0,25,0,95,0,66,0,0,56,74,43,0,0,0,0,0,0,0,1,21,37,29,0,1,0,0,0,0,0,0,6,0
2004-11,0,0,46,0,0,0,0,0,2,0,0,0,0,0,0,0,0,0,0,34,0,82,5,0,0,0,0,0,0,0,0,21,0,0,0,0,1,0,3,5,78,0,0,0,38,66,0,0,0,0,0,0,0,0,0,0,0,0,0,0,0,0,3,0,0,0,0,41,0,2,0,15,0,0,48,61,62,0,0,0,0,0,0,0,0,100,5,11,0,1,0,26,0,0,0,0,0,0
2004-12,0,0,6,0,0,0,0,0,0,0,0,0,0,0,0,12,0,0,0,41,0,71,0,0,0,0,0,0,17,0,0,27,0,0,0,0,15,0,2,5,0,0,0,0,38,97,0,0,0,0,0,50,0,0,0,0,0,0,0,0,0,0,5,0,100,0,0,56,0,0,0,3,80,0,41,28,84,0,0,0,0,0,0,0,0,0,1,10,0,1,0,0,0,81,0,0,0,0
2005-01,0,0,2,0,0,0,0,0,0,0,0,0,0,0,0,23,0,0,0,45,0,42,0,0,0,0,2,0,67,0,0,28,0,0,0,0,66,0,3,23,0,0,0,0,40,0,0,0,0,0,0,0,0,48,0,0,0,0,0,0,0,0,38,47,0,0,0,36,0,0,0,0,0,0,76,31,81,0,0,0,0,0,0,43,2,0,1,12,0,2,0,0,0,0,0,0,0,0
2005-02,0,0,3,0,0,0,0,0,0,0,0,0,100,0,0,73,0,0,0,48,0,20,0,0,0,0,3,0,0,0,0,16,0,0,0,0,6,0,4,85,0,0,0,0,53,0,0,0,0,0,0,0,0,42,0,0,0,0,0,3,0,0,5,34,0,0,0,56,0,0,0,3,59,0,46,60,60,0,0,0,0,0,0,61,4,0,1,10,0,1,0,0,0,0,0,0,0,0
2005-03,0,0,3,0,0,0,0,0,0,0,0,0,0,0,0,0,0,0,0,38,0,14,0,0,0,0,12,37,0,0,0,31,0,0,0,0,2,0,4,5,0,0,0,0,55,0,0,0,0,0,0,0,0,0,0,0,0,0,0,40,0,0,1,34,0,0,0,56,0,0,0,0,56,0,29,43,33,0,0,0,0,0,0,0,4,0,1,7,0,1,0,0,0,0,0,0,0,0
2005-04,0,0,3,0,0,0,0,0,0,0,0,0,0,0,0,0,0,43,0,29,0,12,4,0,0,0,81,0,0,0,0,100,0,0,0,0,1,0,5,5,0,0,0,0,72,0,0,0,0,0,0,0,0,0,0,0,0,0,0,0,0,0,1,56,0,0,100,57,0,0,0,0,0,0,17,39,13,0,0,92,0,0,0,0,14,0,1,7,0,3,0,0,0,0,0,0,0,0
2005-05,0,0,5,0,0,0,0,0,0,0,4,0,0,0,0,0,0,73,0,26,0,13,0,0,0,0,2,0,0,0,0,82,0,0,0,0,1,0,7,4,0,0,0,0,74,0,0,0,0,0,0,0,0,0,100,0,0,0,1,0,0,0,0,0,0,0,0,57,0,0,0,0,0,0,7,58,11,0,0,84,0,0,0,0,12,0,1,13,0,2,0,0,0,0,0,0,0,0
2005-06,0,0,3,0,0,0,0,0,0,0,30,0,0,0,0,0,0,0,0,22,0,14,0,0,0,0,0,0,0,0,0,24,0,0,0,0,1,0,4,3,0,0,0,0,35,0,0,0,0,0,0,0,0,0,0,0,0,0,6,0,0,0,0,0,0,0,0,20,0,0,0,0,0,0,2,30,12,0,0,0,0,81,0,0,1,0,1,20,0,5,0,0,0,0,0,0,0,0
2005-07,0,0,2,0,0,0,38,75,0,0,61,0,0,0,0,0,0,0,0,20,0,25,0,0,0,0,0,0,0,0,0,12,0,0,0,0,1,0,4,3,0,1,0,0,16,0,0,0,0,0,0,0,0,0,0,0,0,0,0,0,0,0,1,0,0,0,0,10,0,0,0,0,0,0,2,47,15,0,0,0,0,0,0,0,0,0,1,75,0,6,0,0,0,0,0,0,0,0
2005-08,0,0,2,0,0,0,54,0,0,0,0,0,0,0,0,0,0,0,0,24,0,39,8,0,0,75,0,0,0,0,0,10,0,0,0,0,1,0,16,3,0,2,0,0,62,6,0,0,0,0,0,0,54,14,0,0,0,0,0,0,0,0,3,0,0,0,0,12,0,0,0,0,0,0,14,36,20,0,0,0,0,0,0,0,1,0,1,45,0,25,0,0,0,0,0,0,0,0
2005-09,36,0,3,0,0,0,9,0,0,0,0,0,0,0,0,0,0,0,0,26,0,62,33,0,0,0,0,0,0,38,0,11,0,0,0,0,1,0,50,3,0,13,0,0,26,5,100,0,0,0,0,0,0,0,0,0,0,0,0,0,0,0,5,0,0,0,0,20,0,3,0,9,0,0,42,58,26,0,0,0,0,0,0,0,1,5,4,95,0,66,0,0,0,0,0,0,6,0
2005-10,19,0,7,0,0,0,0,0,0,0,2,0,0,0,0,7,0,0,0,31,19,91,98,0,66,0,2,0,0,0,0,16,0,0,0,0,1,0,5,4,50,95,0,0,25,10,0,0,0,0,0,0,0,0,0,0,0,0,0,0,0,0,2,0,0,0,0,22,0,100,0,61,0,0,37,51,38,0,0,0,0,0,0,0,1,21,38,52,0,1,0,4,0,0,0,0,5,0
2005-11,0,0,47,0,0,0,0,0,5,0,0,0,0,0,0,0,0,0,0,37,0,90,4,5,60,0,0,0,14,0,0,19,0,0,0,0,1,0,5,4,100,1,0,0,38,60,0,0,0,0,0,0,0,0,0,0,0,0,0,0,0,0,3,12,0,0,0,29,0,3,0,6,100,0,38,50,52,0,0,0,0,0,0,0,0,90,5,22,0,1,0,34,0,0,0,0,0,0
2005-12,0,0,4,0,0,0,0,0,0,0,0,0,0,0,0,18,0,0,0,42,0,84,0,0,0,0,0,0,23,0,0,15,0,0,0,0,15,0,3,6,0,0,0,0,27,100,0,0,0,0,0,34,0,0,0,0,0,0,0,0,0,0,5,30,0,0,0,45,0,0,0,2,67,0,30,30,73,0,0,0,0,0,0,0,0,0,1,9,0,1,0,0,0,100,0,0,0,0
2006-01,0,0,2,0,0,0,0,0,0,0,0,0,0,0,0,58,0,0,0,43,0,48,0,0,0,0,1,0,59,0,0,10,0,0,0,0,93,0,4,22,0,0,0,0,26,0,0,0,0,0,0,8,0,27,0,0,0,0,0,0,0,0,27,100,0,0,0,27,0,0,0,0,0,0,51,33,67,0,0,0,0,0,0,48,3,0,1,12,0,1,0,0,0,0,0,0,0,0
2006-02,0,0,2,0,0,0,0,0,0,0,0,0,0,0,0,9,0,0,0,40,0,22,0,0,0,0,3,0,0,0,0,14,0,0,0,0,6,0,4,79,0,0,0,0,33,0,0,0,0,0,0,0,0,62,0,0,0,0,0,2,0,0,4,36,0,0,0,34,0,0,0,1,80,0,29,31,52,0,0,0,0,0,0,56,3,0,1,8,0,1,0,0,0,0,0,0,0,0
2006-03,0,0,3,0,0,0,0,0,0,0,0,0,56,0,0,0,0,0,0,35,0,14,1,0,0,0,9,12,0,0,0,18,0,0,0,0,3,0,5,4,0,0,0,0,53,0,0,0,0,0,0,0,0,14,0,0,0,0,0,48,0,0,1,47,0,0,0,44,0,0,0,2,42,0,17,38,31,0,0,67,0,0,0,0,5,0,1,11,0,1,0,0,0,0,0,0,0,0
2006-04,0,0,3,0,0,0,0,0,0,0,0,0,0,0,0,0,0,28,0,28,0,12,1,0,0,0,47,35,0,0,0,27,0,0,0,0,1,0,5,4,0,0,0,0,49,0,0,0,0,0,0,0,0,0,0,0,0,0,0,0,0,0,0,81,0,0,82,48,0,0,0,1,0,0,12,48,14,0,0,69,0,0,0,0,14,0,1,8,0,2,0,0,0,0,0,0,0,0
2006-05,0,0,5,0,0,0,0,0,0,0,4,0,0,0,0,0,0,74,0,27,0,10,0,0,0,0,1,0,4,0,0,34,0,0,0,0,1,0,5,3,0,0,0,0,49,0,0,0,0,0,0,0,0,0,57,0,0,0,2,0,0,0,0,0,0,0,0,48,0,0,0,0,27,0,6,52,9,0,0,58,0,0,0,0,16,0,1,12,0,2,0,2,0,0,0,0,0,0
2006-06,0,0,2,0,0,0,5,0,0,0,25,0,0,0,0,0,0,0,0,19,0,15,0,0,0,0,0,0,0,0,0,14,0,0,0,0,1,0,4,3,0,0,0,0,18,0,0,0,0,0,0,0,0,0,0,0,0,0,7,0,0,0,2,0,0,0,0,13,0,0,0,0,0,0,2,29,9,0,0,84,0,51,0,0,1,0,0,20,0,5,0,0,0,0,0,0,2,0
2006-07,0,0,2,0,0,0,44,41,0,0,56,0,0,0,0,0,0,0,0,19,0,25,2,0,0,0,0,0,0,0,0,7,0,0,0,0,1,0,4,3,0,1,0,0,13,0,0,0,0,0,0,0,0,0,0,0,0,0,0,0,0,0,1,0,0,0,0,7,0,0,0,2,0,0,2,15,13,0,0,0,0,0,0,0,1,0,1,18,0,7,0,0,0,0,0,0,0,0
2006-08,0,0,2,0,0,0,54,0,0,0,0,0,0,0,100,0,0,0,0,19,0,42,6,0,0,0,1,0,0,0,0,13,0,0,0,0,1,0,18,3,0,2,0,0,18,2,26,0,0,0,0,0,61,11,0,0,0,0,0,0,0,0,2,0,0,0,0,10,0,0,0,3,0,0,10,32,18,0,0,0,0,0,0,0,1,0,2,38,0,29,0,0,0,0,0,0,2,0
2006-09,32,0,3,0,0,0,8,0,0,0,0,0,0,0,0,0,0,0,0,28,0,70,36,0,0,0,0,0,0,27,0,12,0,0,0,0,1,0,54,3,0,13,0,0,15,3,67,0,0,0,0,0,0,0,0,0,0,0,0,0,0,0,3,0,0,0,0,15,0,3,0,46,0,15,26,88,23,0,0,0,0,0,0,0,1,4,4,27,0,51,0,2,0,0,0,0,5,0
2006-10,20,0,7,0,0,0,0,0,0,0,0,0,0,0,0,0,0,0,0,31,27,90,100,0,89,0,0,0,0,0,0,13,0,0,0,0,1,0,5,3,33,79,0,0,22,10,0,0,0,0,0,0,0,0,0,0,0,0,0,0,0,0,2,0,0,0,0,16,0,94,0,22,24,0,26,32,33,0,0,0,0,0,0,0,1,19,43,13,0,1,0,5,0,0,0,0,8,0
2006-11,0,0,26,0,0,0,0,0,7,0,0,0,0,0,0,5,0,0,0,35,0,84,4,14,46,0,0,0,8,0,0,21,0,0,0,0,1,0,3,4,94,1,0,0,27,52,0,0,0,0,0,14,0,0,0,0,0,0,0,1,0,0,2,9,0,0,0,27,0,3,0,2,25,0,28,20,38,0,0,0,0,0,0,0,1,74,5,9,0,1,0,35,0,25,0,0,0,0
2006-12,0,0,3,0,0,0,0,0,0,0,0,0,0,0,0,12,0,0,0,39,0,86,0,0,0,0,0,0,76,0,0,14,0,0,0,0,11,0,2,6,0,0,0,0,22,73,0,0,0,0,0,47,0,0,0,0,0,0,0,0,0,0,4,16,0,0,0,47,0,0,0,2,27,0,19,23,66,0,0,0,0,0,0,0,0,0,1,7,0,1,0,0,0,81,0,0,0,0
2007-01,0,0,2,0,0,0,4,0,0,0,0,0,0,0,0,14,0,0,0,40,0,49,0,0,0,0,2,0,20,0,0,17,0,0,0,0,81,0,3,22,0,0,0,0,22,2,0,0,0,0,0,6,0,24,0,0,0,0,0,0,0,0,36,65,0,0,0,23,0,0,0,1,40,0,37,19,63,0,0,41,0,0,0,59,2,0,1,6,0,1,0,0,0,0,0,0,0,0
2007-02,0,0,3,0,0,0,0,0,0,0,0,0,0,0,0,53,0,0,0,39,0,22,1,0,0,0,3,0,0,0,0,10,0,0,0,0,6,0,4,78,0,0,0,0,28,0,0,0,0,0,0,0,0,59,0,0,0,0,0,2,0,0,4,37,0,0,0,25,0,0,0,1,50,0,21,19,43,0,0,0,0,0,0,68,3,0,1,7,0,1,0,0,0,0,0,0,0,0
2007-03,0,0,3,0,0,0,0,0,0,0,0,0,51,0,0,6,0,4,0,33,0,14,0,0,0,0,10,16,0,0,0,15,0,0,0,0,2,0,5,4,0,0,0,0,30,0,0,0,0,0,0,0,0,9,0,0,0,0,0,48,0,0,1,31,0,0,39,33,0,0,0,1,25,0,13,24,22,0,0,36,0,0,0,0,4,0,1,6,0,1,0,0,0,0,0,0,0,0
2007-04,0,0,2,0,0,0,0,0,0,0,0,0,32,0,0,5,0,34,0,27,0,12,1,0,0,0,54,26,3,0,0,31,0,0,0,0,1,0,5,3,0,0,0,0,36,1,0,0,0,0,0,0,0,0,23,0,0,0,0,1,0,0,1,49,0,0,69,38,0,0,0,1,0,0,10,26,12,0,0,75,0,61,0,0,13,0,2,6,0,1,0,0,0,0,0,0,0,0
2007-05,0,0,3,0,0,0,3,0,0,0,3,0,0,0,0,0,0,60,0,23,0,11,0,0,0,0,1,0,0,0,0,29,0,0,0,0,1,77,6,2,0,0,0,0,39,1,0,0,0,0,0,0,0,0,43,0,0,0,1,1,0,0,0,0,0,0,0,79,0,0,0,1,0,0,5,30,8,0,0,53,0,26,0,0,14,0,2,11,0,1,0,1,0,0,0,0,0,0
2007-06,0,0,1,0,0,0,5,28,0,0,29,0,0,0,0,0,0,0,0,19,0,13,1,0,0,0,0,0,0,33,0,15,0,0,0,0,1,0,4,2,0,0,0,0,14,1,0,0,0,0,0,0,0,0,0,0,0,0,5,0,0,0,1,0,0,0,0,31,0,0,0,1,0,0,1,17,9,0,0,47,100,42,0,0,1,0,1,13,0,3,0,0,0,0,0,88,0,0
2007-07,0,0,1,0,0,0,46,100,0,0,65,0,0,0,0,0,0,0,0,21,0,28,1,0,0,0,0,0,3,0,0,10,0,0,0,0,1,0,4,3,0,1,0,0,12,1,0,0,0,0,0,0,0,5,0,0,0,0,0,0,0,0,1,4,0,0,0,23,0,0,0,1,0,0,1,14,12,0,0,36,0,0,0,0,0,0,1,12,0,5,0,0,0,0,0,0,0,0
2007-08,16,0,1,0,0,0,63,0,0,0,1,0,0,0,0,0,0,0,0,21,0,40,5,0,0,0,1,0,0,26,0,9,0,0,0,0,1,0,15,3,0,2,0,0,16,2,0,0,0,0,0,0,57,5,0,0,0,0,0,0,0,2,2,4,0,0,0,21,0,0,0,5,0,0,7,15,15,0,0,0,0,0,0,0,1,0,2,29,0,25,0,1,0,0,0,0,2,0
2007-09,43,0,2,0,80,0,8,0,0,0,0,0,0,0,0,0,0,0,0,28,6,56,30,0,0,0,0,0,3,0,0,10,0,0,0,0,1,0,47,2,0,12,0,0,17,3,47,0,0,0,0,0,0,0,0,0,0,0,0,0,0,0,2,3,0,0,0,24,0,3,0,50,0,23,22,52,17,100,0,0,0,0,0,0,1,6,4,25,0,43,0,2,0,0,0,0,5,0
2007-10,19,0,5,0,0,0,0,0,0,0,0,0,0,0,0,3,0,0,0,29,34,100,83,0,58,0,1,0,7,0,0,8,0,0,0,0,1,0,4,3,33,72,0,0,20,9,18,0,0,0,0,0,0,6,0,0,0,0,0,0,0,0,3,0,0,0,0,24,0,76,0,10,0,0,21,20,26,0,0,0,0,0,0,0,1,13,45,15,0,1,0,5,0,0,0,0,7,0
2007-11,6,0,19,0,0,0,0,0,11,0,0,0,18,0,0,5,0,0,0,35,0,84,4,36,34,0,1,0,17,0,75,10,0,0,0,0,1,0,4,3,65,1,0,0,25,46,0,0,0,0,0,7,0,7,0,0,0,0,0,0,0,0,3,7,0,0,0,28,0,2,0,2,21,0,21,21,41,0,0,0,0,0,0,0,1,67,6,10,0,1,0,31,0,15,0,0,1,0
2007-12,0,0,3,0,0,0,0,0,0,0,0,0,0,0,0,9,0,2,0,39,0,83,1,0,0,0,1,0,100,0,0,15,0,0,0,0,8,0,2,4,0,0,0,0,19,64,0,0,0,0,0,38,0,7,0,0,0,0,0,0,0,0,4,14,0,0,0,46,0,0,0,1,23,0,16,15,59,0,0,0,0,0,0,0,1,3,1,7,0,1,0,1,0,67,0,0,0,0
2008-01,0,0,3,0,0,0,3,0,0,0,0,0,0,0,0,19,0,0,0,42,0,44,0,0,0,0,2,0,3,0,0,8,0,0,0,0,25,0,3,16,0,0,0,0,22,1,0,0,0,0,0,4,0,31,0,0,0,0,0,1,0,0,45,37,0,0,0,28,0,0,0,1,48,0,31,14,57,79,0,0,0,0,0,53,2,0,1,7,0,1,0,0,0,0,0,0,1,0
2008-02,0,0,2,0,0,0,0,19,0,0,0,0,0,0,0,40,0,0,83,43,0,21,0,0,0,0,4,5,0,0,0,15,0,0,0,0,2,0,3,47,0,0,0,0,26,1,0,0,0,0,0,0,0,37,0,0,0,0,0,2,0,0,3,28,0,0,0,31,0,0,0,1,53,0,16,22,36,0,0,42,0,34,0,27,2,0,1,4,0,1,0,0,0,0,0,0,0,0
2008-03,0,0,2,0,0,0,0,0,0,0,0,0,48,0,0,3,0,2,0,34,0,14,0,0,0,0,11,37,2,0,0,11,0,0,0,0,1,0,4,4,0,0,0,0,31,0,0,0,0,0,0,0,0,7,0,0,0,0,0,43,0,0,2,18,0,0,0,36,0,0,0,1,0,0,11,18,21,0,0,57,0,38,0,0,3,0,1,5,0,1,0,0,0,0,0,0,1,0
2008-04,0,0,3,0,0,0,0,0,0,0,0,0,46,0,0,2,0,22,0,26,0,10,0,0,0,0,86,0,4,0,0,23,0,0,0,0,0,0,5,3,0,0,0,0,36,1,0,0,0,0,0,3,0,0,25,0,0,0,1,2,0,0,1,31,0,0,45,37,0,0,0,1,22,0,10,21,10,0,0,89,0,22,0,0,11,0,1,6,0,1,0,0,0,0,0,0,1,0
2008-05,0,0,4,0,0,0,2,0,0,0,2,0,0,0,0,0,0,41,0,23,0,10,0,0,0,0,2,0,2,0,0,24,0,0,0,0,0,40,6,4,0,0,0,0,38,0,0,0,0,0,0,0,0,4,50,0,0,0,5,0,0,0,1,3,0,0,0,38,0,0,0,1,21,0,4,16,7,0,0,48,0,23,0,0,12,0,2,9,0,1,0,1,0,0,0,63,1,0
2008-06,0,0,2,0,0,0,5,0,0,0,28,0,0,0,0,0,0,0,0,18,0,12,1,0,0,0,1,0,4,0,0,9,0,0,0,0,0,0,4,3,0,0,0,0,16,1,0,0,0,0,0,0,0,4,0,0,0,0,17,0,0,0,1,0,0,0,0,18,0,0,0,1,0,0,1,17,7,0,0,80,61,18,0,0,0,0,2,9,0,4,0,0,31,0,0,0,1,0
2008-07,0,0,2,0,0,0,37,60,0,0,73,0,0,0,0,0,0,0,0,19,0,25,2,0,0,0,1,0,3,0,0,9,0,0,0,0,0,0,4,2,0,1,0,0,8,2,0,0,0,0,0,0,0,0,0,0,0,0,0,0,0,0,2,0,0,0,0,11,0,0,0,2,0,0,1,9,10,0,0,38,0,23,0,0,0,0,1,18,0,6,0,1,39,0,0,0,1,0
2008-08,11,0,1,0,0,0,60,0,0,0,0,0,0,0,0,0,0,0,0,22,0,36,5,0,0,0,1,0,0,0,0,8,0,0,0,0,0,0,14,3,0,3,0,0,12,2,0,0,0,0,0,0,55,0,0,0,0,0,0,0,0,0,2,0,0,0,0,12,0,0,0,14,0,0,6,14,13,0,0,0,0,0,0,0,1,0,2,36,0,28,0,1,0,0,0,0,2,0
2008-09,34,0,3,0,80,0,6,0,0,0,0,0,0,0,0,2,0,0,0,29,4,65,30,0,0,0,1,0,5,0,0,7,0,0,0,0,0,0,41,3,0,18,0,0,14,4,37,0,0,0,0,3,0,4,0,0,0,0,0,0,0,0,2,3,0,0,0,16,0,3,0,40,15,21,29,65,17,50,0,0,0,0,0,0,1,5,5,48,0,51,0,2,0,0,0,0,4,0
2008-10,12,0,5,0,0,0,0,0,1,0,0,0,0,0,0,2,0,0,0,33,39,100,87,0,53,0,1,0,9,0,0,10,0,0,0,0,0,0,5,3,22,92,0,0,18,9,0,0,0,0,0,3,0,6,0,0,0,0,0,0,0,0,2,3,0,0,0,18,0,82,0,2,10,0,25,22,21,0,0,0,0,0,0,0,1,16,49,10,0,1,0,5,0,0,0,0,6,0
2008-11,0,0,41,0,0,0,0,0,21,0,0,0,0,0,0,4,0,0,0,37,0,86,4,13,23,0,1,0,21,0,0,11,0,0,0,0,0,0,4,4,52,2,0,0,19,36,0,0,0,0,0,9,0,5,0,0,0,0,0,0,0,0,2,6,0,0,0,22,0,3,0,2,21,0,15,24,33,0,0,0,0,0,0,0,1,89,7,8,0,1,0,45,0,10,0,0,1,0
2008-12,0,0,2,0,0,0,0,0,0,0,0,0,0,0,0,10,0,0,0,46,0,81,0,28,0,0,1,0,81,0,0,11,0,0,0,0,7,0,3,4,0,0,0,0,19,65,0,0,0,0,0,43,0,9,0,0,0,0,0,0,0,0,6,15,0,0,0,31,0,0,0,2,21,0,12,17,52,0,0,0,0,0,0,0,0,4,1,4,0,0,0,1,0,46,0,0,1,0
2009-01,6,0,2,0,0,0,2,0,0,0,0,0,0,0,0,53,0,0,41,42,0,44,0,0,0,0,2,1,4,0,0,9,0,0,0,0,56,0,3,17,0,0,0,0,18,1,0,0,0,0,0,5,0,23,0,0,0,0,0,0,0,0,37,30,0,0,0,23,0,0,0,1,39,0,22,12,48,94,0,22,0,25,0,69,2,0,1,3,0,1,0,0,0,0,0,0,1,0
2009-02,0,0,2,0,0,0,0,0,0,0,0,0,0,0,0,11,0,0,0,45,0,24,0,0,0,0,4,4,0,0,0,11,0,0,0,0,4,0,4,67,0,0,0,0,23,1,0,0,0,0,0,0,0,68,0,0,0,0,0,2,0,0,3,14,0,0,0,33,0,0,0,1,68,0,14,16,31,62,0,36,0,19,0,13,2,0,1,4,0,1,0,0,0,0,0,0,1,0
2009-03,0,0,2,0,0,0,0,0,0,0,0,0,35,0,0,4,0,2,0,39,0,15,0,0,11,0,14,16,3,0,0,12,0,0,0,0,1,37,4,4,0,0,0,0,28,1,0,0,0,0,0,0,0,10,13,0,0,0,0,48,0,0,2,15,0,0,22,37,0,0,0,2,30,0,11,18,16,0,0,50,0,28,0,0,4,0,1,5,11,1,0,0,0,0,0,0,1,0
2009-04,0,0,3,0,0,0,2,0,0,0,0,0,43,0,0,2,0,23,0,38,0,10,1,0,0,0,96,38,2,0,0,20,0,0,0,0,1,0,5,4,0,0,0,0,33,0,0,0,0,0,0,0,0,4,16,0,0,0,1,2,0,0,1,31,0,0,57,39,0,0,0,1,31,0,7,21,8,0,0,68,0,38,0,0,13,1,1,4,0,1,0,1,0,0,0,0,1,0
2009-05,0,0,4,0,0,0,2,0,0,0,3,0,0,0,0,3,0,43,0,39,3,10,1,0,0,0,3,0,3,0,0,80,0,0,0,0,1,52,6,4,0,0,0,0,31,1,0,0,0,0,0,3,0,3,48,0,0,0,8,0,0,0,1,3,0,0,0,41,0,0,0,1,18,0,4,25,6,0,0,63,0,40,0,0,15,0,1,7,0,1,0,1,0,0,0,55,0,0
2009-06,0,0,2,0,0,0,7,21,0,0,20,0,0,0,0,2,0,0,0,34,0,10,1,0,0,0,1,0,0,0,0,10,0,0,0,0,1,32,4,3,0,0,0,0,18,2,0,0,0,0,0,0,0,5,0,0,0,0,13,0,0,0,1,2,0,0,0,20,0,0,0,1,11,0,1,15,7,0,0,68,54,63,0,0,1,0,1,7,0,4,0,0,36,0,0,42,1,0
2009-07,0,0,2,0,0,0,44,51,0,0,65,0,0,0,0,2,0,0,0,34,0,22,1,0,0,0,1,0,3,0,0,8,0,0,0,0,1,0,3,4,0,1,0,0,11,1,0,0,0,0,0,2,11,5,0,0,0,0,0,0,0,0,2,2,0,0,0,14,0,0,0,4,17,0,1,9,10,0,0,25,0,40,0,0,1,0,2,7,0,5,0,0,0,0,0,0,1,0
2009-08,15,0,2,0,0,55,64,0,0,0,0,0,0,0,0,2,0,1,0,36,0,31,3,0,0,0,1,0,2,0,0,8,0,0,0,0,1,29,14,4,0,4,0,0,18,2,0,0,0,0,0,0,70,8,0,0,0,0,0,0,0,0,3,4,0,0,0,14,0,0,0,54,0,9,4,12,12,0,0,0,0,0,0,0,1,0,2,32,0,16,0,1,0,0,0,0,2,0
2009-09,43,0,3,0,100,17,10,0,0,0,0,0,0,0,0,2,0,0,0,58,6,53,23,0,14,0,1,0,8,16,0,8,0,0,0,0,1,0,45,4,0,21,0,0,15,3,32,0,0,0,0,0,31,7,0,0,0,0,0,0,0,0,2,3,0,0,0,19,0,2,0,20,19,100,14,54,15,0,0,0,0,0,0,0,1,3,7,13,0,95,0,2,0,0,0,0,4,0
2009-10,17,0,5,0,0,0,0,0,1,79,0,0,0,0,0,4,0,1,0,85,64,77,67,0,54,0,1,0,10,0,0,10,0,0,0,0,1,0,5,4,19,96,0,0,17,7,11,100,0,0,0,4,0,7,0,0,0,0,0,0,0,0,3,4,0,0,0,19,0,61,0,2,10,0,13,25,24,0,0,0,0,0,0,0,1,20,60,9,0,1,0,5,0,0,0,0,5,0
2009-11,6,0,46,0,0,0,1,0,38,0,0,0,0,0,0,7,0,0,0,72,0,73,3,46,35,0,1,0,91,0,0,11,0,0,0,0,1,0,4,5,75,2,0,0,22,32,0,0,0,0,0,14,0,5,0,0,0,0,0,0,0,0,3,10,0,0,0,26,0,2,0,2,23,7,14,24,30,0,0,0,0,15,0,0,1,92,7,8,0,1,0,53,0,11,0,0,0,0
2009-12,0,0,2,0,0,0,0,0,0,0,0,0,0,0,0,13,0,0,0,60,0,74,1,9,0,0,0,0,20,0,0,9,0,0,0,0,7,0,3,5,0,0,0,0,19,57,0,0,0,0,0,100,0,10,0,0,0,0,0,0,0,0,5,22,0,0,0,45,0,0,0,2,26,5,10,14,49,53,0,0,0,20,0,0,0,5,2,4,0,1,0,1,0,62,0,0,0,0
2010-01,0,0,2,0,0,0,2,0,0,0,0,0,13,0,0,24,0,1,53,55,0,43,1,0,12,0,2,2,8,0,0,10,0,0,0,0,65,0,3,18,0,0,0,0,19,1,0,0,0,0,0,9,0,27,0,0,0,0,0,1,0,0,66,45,0,0,0,26,0,0,0,1,37,0,18,17,47,75,0,24,0,44,0,35,2,0,2,3,0,1,0,0,0,0,0,0,1,0
2010-02,0,0,2,0,0,0,0,0,0,0,0,0,16,0,0,59,0,0,51,60,0,23,0,0,0,0,3,5,8,0,0,10,0,0,0,0,4,0,4,80,0,0,0,0,24,1,0,0,0,0,0,4,0,58,0,0,0,0,0,1,0,0,8,24,0,0,0,26,0,0,0,1,50,0,11,18,37,76,0,33,0,44,0,80,3,0,1,5,0,1,0,1,0,0,0,0,0,0
2010-03,0,0,2,0,0,0,0,0,0,0,0,0,65,0,0,9,0,2,61,45,0,16,0,0,0,0,13,39,4,0,0,14,0,0,0,0,3,0,4,5,0,0,0,0,30,1,0,0,0,0,0,3,0,7,7,0,0,0,0,51,0,0,2,20,0,0,87,35,0,0,0,1,20,0,8,20,17,49,0,49,28,76,0,0,4,0,1,6,0,1,0,0,0,0,0,0,0,0
2010-04,0,0,3,0,0,0,1,14,0,0,0,0,46,0,0,4,0,23,48,38,0,11,0,0,10,0,100,25,4,0,0,28,0,0,0,0,1,31,4,4,0,0,0,0,33,1,0,0,0,0,0,2,0,7,11,0,0,0,1,2,0,0,2,48,0,0,17,38,0,0,0,2,15,0,6,19,8,0,0,65,0,80,0,0,15,0,1,4,0,1,0,1,0,0,0,0,1,0
2010-05,0,0,3,0,0,0,2,11,0,0,3,0,0,0,0,3,0,67,0,33,0,9,0,0,8,0,1,0,3,0,0,27,0,0,0,0,1,77,5,4,0,0,0,0,35,1,0,0,0,0,0,0,0,5,51,0,0,0,8,0,0,0,1,3,0,0,0,37,0,0,0,2,24,0,4,21,6,0,0,65,0,94,0,0,16,0,1,5,0,1,0,1,0,0,0,53,1,0
2010-06,3,0,2,0,0,0,7,18,0,0,21,0,0,0,0,2,0,1,0,30,0,12,0,0,0,0,1,0,3,0,0,12,0,0,0,0,1,27,4,3,0,1,0,0,17,1,0,0,0,0,0,4,0,4,0,0,0,0,33,0,0,0,1,1,0,100,0,18,0,0,0,3,14,0,1,13,6,0,0,66,61,100,0,0,1,0,1,15,0,3,0,1,51,0,0,57,0,0
2010-07,6,0,1,0,0,14,38,63,0,0,50,0,0,0,0,1,0,0,29,29,0,14,1,0,0,0,1,0,3,0,0,8,0,0,0,0,1,0,4,4,0,1,0,0,10,1,0,0,0,0,0,0,15,3,0,0,0,0,0,0,0,0,1,4,0,0,0,13,0,0,0,6,8,3,1,11,8,0,0,38,0,57,0,0,1,0,2,13,0,3,0,0,0,0,0,0,1,0
2010-08,16,0,2,0,0,37,67,0,0,0,0,0,0,0,0,2,0,0,0,30,2,30,3,0,0,0,1,0,5,0,0,8,0,0,0,0,1,0,12,3,0,4,0,0,27,2,7,0,0,0,0,0,95,5,0,0,0,0,0,0,0,0,4,4,0,0,0,14,0,0,0,57,0,8,4,18,11,0,0,14,0,13,0,0,1,0,2,14,0,16,0,1,0,0,0,0,1,0
2010-09,48,0,3,0,66,0,9,0,0,0,0,0,0,0,0,1,0,0,23,39,7,49,22,0,7,0,1,0,12,7,0,9,0,0,0,0,1,0,53,4,7,21,0,0,15,2,24,0,0,0,0,2,20,6,0,0,0,0,0,0,0,0,4,4,0,0,0,14,0,2,0,11,12,26,12,57,12,0,0,0,0,0,0,0,1,3,6,21,0,70,0,1,0,0,0,0,3,0
2010-10,23,0,6,0,0,0,0,0,1,100,0,0,0,0,0,2,0,0,0,42,64,80,65,0,36,18,0,0,14,0,0,7,0,0,0,0,0,0,6,4,20,86,100,0,16,6,7,0,0,0,0,2,0,6,0,0,0,0,0,0,0,0,3,4,0,0,0,15,0,73,0,1,10,0,11,18,18,0,0,0,0,0,0,0,1,13,80,10,0,1,0,5,0,0,0,0,5,0
2010-11,5,0,46,0,0,0,1,0,32,0,0,0,0,0,0,4,0,0,33,49,0,77,3,55,24,30,1,0,82,0,0,8,0,0,0,0,1,0,6,4,63,1,0,0,21,28,0,0,0,0,0,8,0,5,0,0,0,0,0,0,0,0,3,5,0,0,0,23,0,2,0,2,17,0,11,21,28,28,0,0,0,10,0,0,1,63,7,6,0,1,0,56,0,11,0,0,1,0
2010-12,0,0,3,0,0,0,1,0,0,0,0,0,0,0,0,9,0,0,28,68,0,60,1,1,0,0,1,0,7,0,0,9,0,0,0,0,7,0,4,5,0,0,0,76,20,48,0,0,0,0,0,58,0,9,0,0,0,0,0,0,0,0,6,11,0,0,0,55,0,0,0,1,58,0,9,18,43,0,0,0,0,10,0,0,1,3,2,3,0,1,0,1,0,68,0,0,0,0
2011-01,0,0,3,0,0,0,2,0,0,0,0,0,0,0,0,29,0,1,100,66,0,35,1,0,0,0,1,1,3,0,0,9,0,0,0,0,100,0,4,21,0,1,0,72,20,1,0,0,0,0,0,6,0,24,0,0,0,0,0,1,0,0,76,31,0,0,0,23,0,0,0,1,29,0,18,15,40,52,0,26,0,28,0,38,2,1,2,4,0,1,0,1,0,0,0,0,0,0
2011-02,0,0,3,0,0,0,0,0,0,0,0,0,14,0,0,41,0,1,39,60,0,18,0,0,0,0,2,2,2,0,0,10,0,0,0,0,12,18,4,100,0,0,0,0,22,1,0,0,0,0,0,3,0,40,0,0,0,0,0,2,0,0,6,13,0,0,0,26,0,0,0,1,44,0,11,18,25,97,0,45,0,30,0,64,3,0,2,5,0,1,0,2,0,0,0,0,1,0
2011-03,0,0,2,0,18,0,1,0,0,0,0,73,58,0,0,3,0,1,40,48,0,10,0,0,0,0,8,14,3,0,0,13,0,0,0,0,5,20,4,6,0,0,0,86,44,1,0,0,0,0,0,3,0,45,0,0,0,0,0,52,0,0,1,11,0,0,8,35,0,0,0,1,28,0,8,23,12,46,0,69,0,32,0,0,4,0,2,5,13,1,0,0,0,0,0,0,0,0
2011-04,0,0,2,0,0,0,1,0,0,0,0,0,40,0,0,2,0,13,43,41,0,8,0,0,0,0,40,68,2,0,0,19,0,0,0,0,2,36,5,6,0,0,0,0,31,1,0,0,0,0,0,2,0,5,19,0,0,0,2,1,0,0,1,32,0,0,70,31,0,0,0,2,21,0,6,19,6,0,0,84,0,50,0,0,15,0,2,4,16,1,0,0,0,0,0,0,1,0
2011-05,2,0,3,0,0,0,2,9,0,0,3,0,0,0,0,3,0,40,22,33,3,8,0,0,9,0,2,1,2,0,0,21,0,0,0,0,1,49,8,5,0,0,0,0,32,1,0,0,0,0,0,1,0,5,56,0,0,0,11,0,0,0,1,3,0,0,0,35,0,0,0,2,20,0,4,48,5,0,0,82,30,46,0,0,18,0,2,5,0,1,0,2,0,0,0,32,1,0
2011-06,5,0,2,0,0,0,7,13,0,0,21,0,0,0,0,1,0,1,23,32,0,9,0,0,0,0,1,0,3,0,0,9,100,0,0,0,1,41,6,4,0,0,0,100,16,1,0,0,0,0,0,0,0,4,0,0,100,0,16,0,0,0,1,2,0,0,0,17,7,0,0,3,0,0,1,15,6,0,0,75,80,56,0,0,1,0,2,8,0,3,0,0,72,0,0,48,1,0
2011-07,6,0,1,0,0,12,43,57,0,0,59,0,0,100,0,1,0,0,0,31,0,14,1,0,0,0,1,0,2,0,0,5,0,0,0,0,1,17,5,3,0,1,0,0,12,1,0,0,0,0,0,1,15,2,0,0,0,0,0,0,0,0,2,3,0,0,0,13,0,0,0,20,6,0,1,10,8,0,0,42,0,27,0,0,1,0,2,12,0,4,0,1,0,0,0,0,1,0
2011-08,15,0,1,0,0,41,63,0,0,0,0,0,0,0,0,2,0,0,0,31,0,23,3,0,0,0,1,0,6,0,0,7,64,0,0,0,1,0,12,4,0,4,0,0,18,2,5,0,0,0,0,0,74,6,0,0,0,0,0,0,0,0,3,9,0,0,0,12,0,0,0,56,7,0,6,15,9,0,0,0,0,0,0,0,2,0,3,33,0,18,0,1,0,0,0,0,1,0
2011-09,47,0,3,10,61,10,11,0,0,55,0,0,0,0,0,2,0,0,0,42,8,31,17,0,10,8,0,0,6,5,0,7,0,0,0,0,1,0,50,4,6,17,0,66,14,2,27,0,0,0,0,2,19,7,0,0,0,0,0,0,0,0,3,7,0,0,0,19,0,2,0,3,8,22,17,100,12,0,0,0,0,0,0,0,1,3,7,24,0,68,0,2,0,0,0,0,3,0
2011-10,28,0,5,0,0,0,2,0,1,52,0,0,0,0,0,2,0,1,0,46,62,38,57,0,38,38,1,0,20,0,0,7,0,0,0,0,1,16,7,4,21,76,0,76,15,5,14,0,0,0,0,2,0,7,0,0,0,0,0,0,0,0,3,4,0,0,0,15,0,79,0,2,13,0,23,14,17,0,0,0,0,0,0,0,1,14,82,8,0,1,0,6,0,3,0,0,7,0
2011-11,7,0,53,0,0,0,2,0,39,0,0,0,0,0,0,4,0,0,0,48,2,30,2,62,21,0,0,0,53,0,0,9,0,0,0,0,2,14,6,4,49,2,0,0,23,24,5,0,0,0,0,7,0,6,0,0,0,0,0,0,0,0,3,7,0,0,0,22,0,4,0,2,18,0,21,14,23,25,0,0,0,0,0,0,1,66,11,5,0,1,0,58,0,14,0,0,0,0
2011-12,0,0,3,0,0,0,1,0,0,0,0,0,0,0,0,10,0,0,0,55,0,25,1,1,6,0,0,0,5,0,0,9,0,0,0,0,6,0,4,5,0,1,0,0,21,44,0,0,0,0,0,48,0,9,0,0,0,0,0,0,0,0,6,13,0,0,0,51,0,0,0,2,22,0,16,10,34,21,0,0,0,0,0,3,0,4,3,4,0,1,0,1,0,70,0,0,0,0
2012-01,2,0,3,0,0,0,2,0,0,0,0,0,0,0,0,74,0,1,64,59,0,17,0,0,0,0,1,1,2,0,0,8,0,0,0,0,91,0,4,18,0,1,0,57,19,1,7,0,0,0,0,8,0,24,0,0,0,0,0,0,0,0,84,26,0,0,0,25,0,0,0,1,31,0,25,10,34,60,0,28,0,23,0,37,2,1,3,4,0,1,0,2,0,0,0,0,0,0
2012-02,0,0,3,0,0,0,1,0,0,0,0,0,15,0,0,8,0,1,24,58,0,11,0,0,5,0,2,4,2,0,0,9,0,0,0,0,8,14,5,95,0,0,0,0,22,1,0,0,0,0,0,4,0,50,0,0,0,0,0,2,0,0,5,16,0,0,8,30,0,0,0,2,39,0,17,13,23,51,1,35,0,23,0,56,3,1,2,4,9,1,0,1,0,0,0,0,0,0
2012-03,3,0,2,0,0,0,1,0,0,0,0,44,58,0,0,4,0,2,23,46,0,9,0,0,0,0,7,30,2,0,0,11,0,0,0,0,2,18,5,4,0,0,0,0,27,1,0,0,0,0,0,3,0,7,7,0,0,0,0,47,0,0,3,15,0,0,25,31,0,0,0,2,18,0,11,12,12,42,0,70,0,23,0,0,5,0,2,4,11,1,0,1,0,0,0,0,0,0
2012-04,4,0,2,0,0,0,2,0,0,0,0,0,37,0,0,2,0,23,58,42,0,7,0,0,5,0,43,47,2,0,0,19,0,0,0,0,2,40,5,4,0,0,0,0,28,1,0,0,0,0,0,2,0,5,17,0,0,0,1,1,0,0,2,34,0,0,53,30,0,0,0,1,16,0,11,13,6,0,0,82,0,37,0,0,16,0,2,4,25,1,0,0,0,0,0,0,0,0
2012-05,2,0,3,0,0,0,3,7,0,0,3,0,6,0,0,2,0,100,17,39,2,7,0,0,0,0,1,0,2,0,0,18,0,0,0,0,1,70,8,4,0,0,0,0,32,1,0,0,0,0,0,4,5,4,56,0,0,0,3,0,0,0,2,2,0,0,0,32,0,0,0,3,15,0,7,19,5,0,0,100,0,36,0,0,26,0,2,10,19,1,0,2,0,0,0,64,0,0
2012-06,3,0,2,0,0,0,9,10,0,0,27,0,0,0,0,1,0,1,0,34,0,9,0,0,0,0,1,0,2,0,0,9,51,0,0,0,1,37,7,3,0,1,0,0,15,1,0,0,0,0,0,2,5,3,0,0,0,0,35,0,0,0,2,3,0,0,0,15,0,0,0,5,8,0,2,10,5,0,0,84,59,49,0,0,1,0,2,15,0,3,0,1,39,5,0,70,0,0
2012-07,6,0,2,0,0,20,52,56,0,0,75,0,0,0,0,1,0,1,0,33,0,10,1,0,0,0,1,0,2,0,0,7,51,0,0,0,1,0,5,4,0,1,0,0,14,1,0,0,0,0,0,1,11,4,0,0,0,0,0,0,0,0,2,3,0,0,0,11,0,0,0,68,6,0,1,8,6,0,0,42,0,29,0,0,1,0,2,8,0,3,0,1,37,0,0,0,1,0
2012-08,18,0,1,0,33,70,83,0,0,0,1,0,0,0,0,2,0,1,18,34,2,20,2,0,6,0,0,0,6,0,0,6,63,0,0,0,1,0,14,5,0,4,0,47,22,1,4,0,0,0,0,1,100,5,0,0,0,0,0,0,0,0,2,5,0,0,0,14,0,0,0,24,5,2,7,11,8,0,0,15,0,13,0,0,1,1,2,36,0,21,0,1,0,0,0,0,1,0
2012-09,61,0,2,0,83,26,9,0,0,44,0,0,0,0,0,3,0,0,19,52,9,25,18,0,8,0,0,0,8,0,0,8,0,0,0,0,1,12,73,4,0,20,0,0,23,3,31,0,0,0,0,2,0,5,0,0,0,0,0,0,0,0,4,5,0,0,0,17,0,3,0,2,13,27,22,49,11,22,0,0,0,0,0,0,1,4,7,14,0,73,0,2,0,0,0,0,3,0
2012-10,26,0,4,0,0,0,2,0,1,90,0,0,0,0,0,2,0,0,0,54,67,33,40,0,28,9,0,0,82,0,0,7,0,0,0,0,1,16,8,4,16,74,0,0,23,6,15,0,0,0,0,2,0,7,0,0,0,0,0,0,0,0,3,4,0,0,0,14,0,78,0,2,15,0,29,17,15,25,0,6,0,0,0,0,1,13,81,15,0,1,0,6,0,5,53,0,10,0
2012-11,4,0,24,0,0,0,2,0,47,0,0,0,0,0,0,4,0,0,20,55,0,25,2,61,19,38,1,0,6,0,0,8,0,0,0,0,1,0,5,4,40,2,0,60,29,26,0,0,0,0,0,5,0,5,0,0,0,0,0,0,0,0,3,6,0,0,0,20,0,3,0,2,21,0,27,13,22,0,0,6,0,9,0,0,0,65,12,7,0,1,0,75,0,13,0,0,1,0
2012-12,0,0,2,0,0,0,1,0,0,0,0,0,0,0,0,7,1,0,26,71,0,19,0,1,4,0,0,0,4,0,0,10,0,0,0,0,7,0,4,5,0,0,0,0,30,37,5,0,0,0,0,36,0,8,0,0,0,0,0,0,0,0,6,13,0,0,0,38,0,0,0,1,17,0,20,10,33,28,0,6,0,8,0,2,0,3,2,4,0,1,0,2,0,71,0,0,0,0
2013-01,2,0,2,0,0,0,3,0,0,0,0,0,10,0,0,17,0,0,65,81,0,14,0,0,4,0,1,1,3,0,0,7,0,0,0,0,87,17,4,18,0,0,0,38,27,1,4,0,0,0,0,6,0,27,0,0,0,0,0,0,0,0,67,22,0,0,0,24,0,0,0,1,30,0,31,10,32,50,0,30,0,19,0,42,1,1,2,4,6,1,0,1,0,0,0,0,1,0
2013-02,0,0,2,0,0,0,2,7,0,0,0,0,13,0,0,55,0,0,33,64,0,10,0,0,0,0,2,5,1,0,0,7,0,0,0,0,7,19,5,84,0,0,0,0,33,1,0,0,0,0,0,2,0,43,0,0,0,0,0,2,0,0,5,18,0,0,6,30,0,0,0,2,51,0,16,11,22,45,0,48,0,15,0,40,2,0,2,5,4,0,0,1,0,0,52,0,1,0
2013-03,3,0,2,0,0,0,2,0,0,0,0,100,43,0,0,3,0,1,36,53,0,8,0,0,5,0,6,77,2,0,0,14,0,0,0,0,3,17,5,7,0,0,0,0,35,1,0,0,0,0,0,2,0,7,5,0,0,0,0,61,0,0,2,16,0,0,56,30,0,0,0,2,21,0,10,11,13,27,0,73,0,27,0,0,4,1,2,4,13,1,0,0,0,0,0,0,1,0
2013-04,3,0,2,0,0,0,2,5,0,0,0,42,41,0,0,2,0,15,35,47,0,7,0,0,0,0,43,3,1,0,0,22,0,0,0,0,1,40,5,4,0,0,0,0,50,1,0,0,0,0,0,2,0,5,15,0,0,0,1,4,0,0,2,40,0,0,0,32,0,0,0,2,19,0,9,17,6,0,0,93,0,34,0,0,13,0,1,4,17,1,0,0,0,0,0,0,1,0
2013-05,4,0,3,0,0,0,3,0,0,0,3,0,0,60,0,2,0,46,13,40,1,7,0,0,0,0,1,0,2,0,0,21,0,0,0,0,1,65,8,4,0,0,0,0,36,1,0,0,0,0,0,0,0,4,41,0,52,0,5,0,0,0,2,3,0,0,0,32,0,0,0,3,18,0,6,17,5,0,0,92,0,39,0,0,37,0,1,5,11,1,0,2,0,0,0,68,1,0
2013-06,5,0,1,0,0,0,10,10,0,0,35,0,5,81,0,2,0,1,0,34,0,9,0,0,0,0,1,0,1,0,0,9,0,0,0,0,1,43,6,3,0,0,0,0,21,1,3,0,0,0,0,1,4,3,0,0,0,0,42,0,0,0,1,1,0,0,0,17,7,0,0,9,8,0,1,9,5,0,0,89,62,37,0,0,1,0,1,12,0,3,0,1,51,5,0,100,0,0
2013-07,8,0,2,0,16,22,65,49,0,0,85,0,0,0,0,1,0,1,0,31,0,10,1,0,0,0,0,0,3,0,0,8,68,0,0,2,1,13,5,4,0,1,0,0,17,1,0,0,0,0,0,0,19,4,0,0,0,0,0,0,0,0,2,3,0,0,0,12,0,0,0,87,8,0,1,7,6,0,0,47,0,23,0,0,1,0,2,21,0,4,0,1,17,0,0,0,1,0
2013-08,22,0,1,0,36,88,77,0,0,0,1,0,0,0,0,1,0,0,0,36,3,26,2,0,4,0,1,0,6,4,0,8,43,0,0,0,1,9,14,4,0,4,0,0,37,1,9,0,0,0,0,1,98,5,0,0,0,0,0,0,0,0,3,7,0,0,0,13,0,0,0,12,9,5,5,11,8,0,0,17,0,9,0,0,2,1,2,11,0,28,0,1,0,0,0,0,1,0
2013-09,63,0,2,14,70,25,8,0,0,33,0,0,0,0,0,2,0,0,0,46,9,28,16,0,4,6,1,0,8,6,0,8,0,0,0,0,1,15,71,3,0,16,0,0,26,2,28,0,0,0,0,2,0,6,0,0,0,0,0,0,0,0,3,4,0,0,0,19,0,2,0,2,11,16,14,45,11,14,0,0,0,0,0,2,1,3,6,13,6,56,0,2,0,0,0,0,3,0
2013-10,30,0,4,0,0,0,1,0,1,81,0,0,0,0,0,2,0,0,0,49,83,41,41,1,33,43,1,0,59,0,0,10,0,0,0,0,1,13,8,3,13,66,0,0,23,5,14,0,0,0,0,2,0,6,0,0,0,0,0,0,0,0,3,4,0,0,0,15,0,79,2,2,15,0,14,11,14,0,0,0,0,0,0,0,1,14,82,11,0,1,0,6,0,4,0,0,10,0
2013-11,7,0,36,0,0,0,2,0,46,0,0,0,0,0,0,3,2,0,14,54,1,29,2,20,20,16,0,0,3,0,0,9,0,0,0,0,1,12,5,4,36,3,0,37,29,22,0,0,0,0,0,6,0,6,0,0,0,0,0,0,0,0,3,6,0,0,0,24,0,3,0,2,13,0,14,11,21,0,0,5,0,6,0,0,1,61,12,8,3,1,0,85,0,15,0,0,1,0
2013-12,0,0,2,0,0,0,2,0,1,0,0,0,5,0,0,9,2,0,0,65,0,21,0,51,0,0,0,1,5,0,0,9,0,0,0,0,7,0,3,6,0,0,0,0,28,41,0,0,0,0,0,38,0,9,0,0,0,0,0,0,0,0,7,12,0,0,0,58,0,0,0,1,22,2,12,10,30,18,0,8,14,10,0,2,1,4,2,3,0,0,0,1,0,86,63,0,0,0
2014-01,2,0,2,0,0,6,4,0,0,0,0,0,9,0,0,59,0,0,55,76,1,18,0,0,0,0,1,1,1,0,0,7,0,0,0,0,92,11,4,20,0,0,0,55,27,1,5,0,0,0,0,4,0,21,0,0,0,0,0,1,0,0,100,18,0,0,0,32,0,0,0,1,29,0,16,8,30,53,0,35,0,22,0,44,2,0,2,4,0,1,0,1,0,0,59,0,0,0
2014-02,2,0,2,0,0,6,2,0,0,0,0,0,14,0,0,18,0,0,28,60,0,11,0,0,0,0,2,4,2,0,0,9,43,0,0,0,4,22,5,67,0,1,0,0,30,1,3,0,0,0,0,2,0,41,5,0,0,0,0,2,0,0,7,16,0,0,0,31,0,0,0,2,40,0,10,10,26,46,0,61,0,18,0,25,3,0,1,4,4,0,0,1,0,0,55,0,0,0
2014-03,3,0,2,0,0,0,2,0,0,0,0,0,41,0,0,3,0,1,35,51,1,9,0,0,5,0,5,22,2,0,0,12,0,0,0,0,4,28,5,7,0,0,0,0,31,1,0,0,0,0,0,2,0,28,9,0,0,0,0,60,0,0,3,16,0,0,8,34,0,0,0,2,20,0,9,11,11,22,0,73,0,32,0,0,6,0,1,5,11,1,0,0,0,0,0,0,0,0
2014-04,4,0,2,0,0,0,3,0,0,0,0,0,41,0,0,3,0,12,41,45,0,7,0,0,0,0,30,100,2,0,0,22,0,0,0,0,1,44,6,4,0,0,0,45,39,1,0,0,0,0,0,2,0,4,15,0,0,0,1,3,0,0,2,18,0,0,48,37,0,0,0,2,18,0,8,11,6,0,0,73,0,28,0,0,19,1,1,4,18,1,0,1,0,0,0,0,1,0
2014-05,6,0,4,0,0,0,6,6,0,0,3,0,7,60,0,2,0,37,15,41,2,7,0,0,0,0,1,0,1,0,0,21,0,0,0,0,1,77,9,4,0,0,0,0,44,1,3,0,0,0,0,1,0,4,41,0,0,0,6,0,0,0,2,40,0,0,0,40,5,0,0,4,20,0,5,16,4,0,0,95,14,33,0,0,47,0,1,5,7,1,0,2,0,0,0,61,1,0
2014-06,5,0,2,0,0,9,14,13,0,0,25,0,0,67,0,1,0,1,14,35,1,8,0,0,4,0,1,1,2,0,0,11,0,0,0,1,1,49,6,5,0,1,0,0,26,1,0,0,0,0,0,1,0,5,0,0,0,0,31,0,0,0,2,2,0,0,0,23,9,0,0,48,11,0,1,9,5,0,0,76,58,30,0,0,1,0,1,6,0,2,0,1,40,3,0,90,1,0
2014-07,8,0,2,0,0,28,87,39,0,0,70,0,0,0,0,1,0,0,0,33,0,10,1,0,4,0,0,0,4,0,0,7,49,0,0,3,1,14,5,4,0,1,0,0,20,1,0,0,0,0,0,1,18,4,0,0,0,0,0,0,0,0,2,3,0,0,0,16,0,0,0,55,8,0,1,7,6,0,0,43,0,24,0,0,1,0,2,10,0,3,0,1,27,0,0,0,1,0
2014-08,26,0,3,0,38,69,100,0,0,0,1,0,0,0,0,1,0,0,15,41,2,18,2,0,0,0,0,0,3,4,0,8,52,0,0,0,1,0,14,4,0,3,0,0,32,1,5,0,0,0,0,1,82,4,0,0,0,0,0,0,0,0,3,6,0,0,0,13,0,0,0,3,10,2,5,8,8,0,0,16,0,9,0,0,1,1,2,15,0,29,0,1,0,0,0,0,1,0
2014-09,77,0,3,25,81,18,9,0,0,40,0,0,0,0,0,2,0,0,18,51,7,24,15,0,8,9,0,0,14,8,0,11,0,0,0,0,1,0,69,4,0,15,0,0,24,2,30,0,0,0,0,1,0,5,0,92,0,0,0,0,0,0,4,4,0,0,0,15,0,3,1,2,11,29,12,42,10,0,0,5,0,0,0,0,1,3,7,8,3,44,0,2,0,0,0,0,3,0
2014-10,34,0,7,0,10,0,3,4,1,60,0,0,0,0,0,2,0,0,0,61,74,28,36,1,37,64,0,0,35,0,0,10,0,0,0,0,1,12,8,3,12,59,0,0,23,5,14,0,0,0,0,2,0,5,0,0,0,0,0,0,0,0,3,3,0,0,0,17,0,81,5,2,14,0,11,11,13,19,0,5,0,0,0,0,2,12,77,8,0,1,0,6,0,0,0,0,13,100
2014-11,5,0,51,0,0,0,3,0,55,0,0,0,0,0,0,2,5,0,12,57,2,21,2,31,19,0,0,0,4,0,0,8,0,0,0,0,1,12,5,4,33,2,0,0,26,19,3,0,0,0,0,4,0,5,0,0,0,0,0,0,0,0,3,4,0,0,0,21,0,3,0,2,17,0,10,10,20,23,0,9,0,6,0,0,1,52,10,5,0,1,0,80,0,13,0,0,1,0
2014-12,2,0,3,0,0,0,4,0,1,0,0,0,4,55,0,8,8,0,14,74,0,17,0,39,0,0,0,0,3,0,0,8,0,0,0,0,7,0,3,5,0,0,0,0,30,32,3,0,0,0,0,34,0,10,0,0,0,0,0,0,0,0,8,11,0,0,0,50,0,0,0,2,20,0,9,9,28,21,0,9,0,5,0,0,1,3,2,3,0,0,0,1,0,88,0,0,0,0
2015-01,2,0,3,0,0,7,7,0,0,0,0,0,6,0,0,12,0,0,30,75,1,12,0,0,4,0,1,2,2,0,0,9,34,0,0,0,78,21,5,16,0,1,36,0,24,1,5,0,0,0,0,4,0,25,4,0,0,0,0,0,0,0,92,16,0,0,0,28,0,0,0,2,38,0,12,9,28,60,0,37,17,22,0,44,2,0,1,4,3,1,0,0,0,0,67,0,1,0
2015-02,4,0,3,0,0,0,3,0,0,0,0,0,14,0,0,46,0,0,27,65,0,9,0,0,7,0,1,5,2,0,14,13,0,0,0,0,5,24,5,81,0,1,0,0,29,1,3,0,0,0,0,1,0,48,4,0,0,0,0,1,0,0,6,13,0,0,0,30,0,0,0,2,41,0,7,9,21,53,0,54,0,21,0,10,3,0,1,4,4,1,0,1,0,0,46,0,1,0
2015-03,4,0,2,0,0,0,3,4,0,0,0,36,43,0,0,4,0,1,45,53,0,8,0,0,4,0,4,44,4,0,0,18,0,0,0,0,1,41,5,6,0,0,0,0,36,1,0,0,0,0,0,2,0,8,6,0,0,0,0,56,0,0,3,12,0,0,24,43,0,0,0,2,24,0,6,10,12,35,0,82,0,37,0,0,6,0,1,5,9,1,0,0,0,0,0,0,1,0
2015-04,4,0,3,0,0,0,4,0,0,0,0,0,45,0,0,2,0,10,69,48,1,7,0,0,5,0,38,34,2,0,0,63,0,0,0,0,1,52,6,4,0,0,0,0,37,1,0,0,0,0,0,2,0,4,11,0,0,0,1,3,0,0,2,30,0,0,29,35,0,0,0,3,19,0,5,12,5,0,0,88,11,31,0,0,18,0,1,4,16,1,0,1,0,0,0,15,1,0
2015-05,3,0,4,0,0,6,7,0,0,0,2,0,6,63,0,1,0,33,21,39,2,8,0,0,6,5,1,0,2,0,0,37,34,0,0,0,1,54,8,4,0,0,0,0,37,1,0,0,0,0,0,1,3,4,42,0,0,0,14,0,0,0,2,16,0,0,0,36,0,0,0,7,23,0,3,13,4,0,0,97,19,37,0,0,40,0,1,7,6,1,0,2,0,0,0,52,1,0
2015-06,4,0,1,0,0,11,16,8,0,0,23,0,0,0,0,1,0,0,10,34,0,10,0,0,5,0,1,0,2,0,0,12,0,0,0,2,1,48,7,4,0,1,0,0,19,1,0,0,0,100,0,1,5,3,0,0,70,0,57,0,0,0,2,1,0,0,0,23,10,0,0,82,7,0,1,9,5,0,0,93,38,39,0,0,1,0,1,10,0,2,0,0,17,3,31,78,1,0
2015-07,9,0,2,0,0,47,82,37,0,0,73,0,0,0,0,1,0,0,17,35,0,10,1,0,0,0,0,0,4,0,0,10,51,0,0,10,1,11,6,4,0,1,0,0,24,1,0,0,0,0,0,1,16,4,0,0,49,0,0,0,0,0,2,3,0,0,0,16,0,0,0,25,6,0,1,6,6,0,0,46,0,26,0,0,1,0,1,6,0,4,0,1,66,0,0,0,1,0
2015-08,27,0,1,0,30,100,90,0,0,0,0,0,0,75,0,1,0,0,12,39,2,21,2,0,0,0,0,0,6,4,0,8,46,0,0,0,1,0,13,3,0,4,0,0,70,1,9,0,0,0,0,1,73,5,0,0,0,0,0,0,0,0,3,5,0,0,0,17,0,0,0,2,11,3,4,8,8,0,0,17,0,9,0,0,1,0,2,19,2,17,0,1,0,0,0,0,1,0
2015-09,79,0,2,31,69,35,15,0,0,51,0,0,0,0,0,2,0,0,13,49,8,22,15,0,8,7,1,0,62,9,0,8,38,0,0,0,1,12,100,4,3,21,0,32,16,2,39,0,0,0,0,1,43,5,0,0,0,0,0,0,0,0,4,6,0,29,0,15,0,2,2,2,15,18,8,34,9,17,0,0,0,0,0,0,1,2,8,13,3,77,0,2,0,0,0,0,4,0
2015-10,38,0,5,0,11,8,4,0,1,63,0,0,0,0,0,2,1,0,0,53,100,28,40,1,32,40,0,0,4,5,15,9,0,0,0,0,1,13,9,3,14,60,0,0,16,4,12,0,0,0,0,2,0,5,0,0,0,0,0,0,0,0,4,4,0,0,0,15,0,66,24,2,16,0,7,9,12,0,0,8,0,6,0,0,1,10,94,8,0,1,0,6,0,3,0,12,14,0
2015-11,8,0,52,0,0,0,4,0,61,0,0,0,0,0,0,3,28,0,12,55,1,21,2,58,21,76,0,0,3,0,0,10,32,0,0,0,1,15,5,4,40,2,0,0,29,17,0,0,0,0,0,5,0,6,0,0,0,0,0,0,0,0,4,5,0,0,0,25,0,2,0,2,17,1,7,16,18,15,0,6,0,7,0,1,1,72,11,5,0,1,0,80,0,8,0,0,1,0
2015-12,2,0,2,0,0,0,4,0,1,0,0,0,0,0,0,6,34,0,13,60,1,19,0,11,7,0,0,0,4,0,0,9,0,0,0,0,8,13,3,5,0,2,0,0,26,31,2,0,0,0,0,67,0,10,0,0,0,0,0,0,0,0,7,9,0,0,0,61,0,0,0,2,38,0,5,9,27,23,0,11,0,11,0,1,0,2,2,4,0,0,0,1,0,45,0,0,1,0
2016-01,2,0,2,0,0,7,8,0,0,0,0,0,6,0,0,10,0,0,28,62,0,11,0,0,3,0,1,2,2,0,0,8,0,0,0,0,81,14,4,14,0,2,0,32,24,1,5,0,8,0,0,6,0,27,3,0,0,1,0,0,0,75,86,17,0,0,0,25,0,0,0,2,36,0,7,7,28,45,5,43,0,20,0,12,1,0,1,4,4,1,36,1,0,0,100,20,1,0
2016-02,3,0,2,0,0,0,4,4,0,0,0,0,10,0,0,27,0,1,23,62,1,8,0,0,4,0,2,8,2,0,0,11,34,1,0,0,4,18,6,93,0,1,0,0,30,1,0,0,23,0,0,2,0,34,3,0,0,10,0,1,0,4,6,11,0,0,0,26,0,0,0,2,49,0,4,9,19,36,18,54,0,23,0,36,2,1,1,4,8,0,65,1,0,0,0,0,1,0
2016-03,5,76,2,7,0,0,4,0,0,0,0,0,40,0,0,2,0,1,31,53,0,7,0,0,7,0,5,68,2,0,0,14,0,1,100,0,2,37,5,6,0,0,0,0,39,1,0,0,72,21,0,1,0,6,6,0,0,11,0,51,0,3,2,11,0,0,12,28,0,0,0,2,25,0,3,11,10,29,99,81,0,27,0,0,3,1,1,4,18,1,0,0,0,0,0,0,1,0
2016-04,6,100,2,0,0,0,5,4,0,0,0,0,23,58,0,2,0,9,51,46,0,7,0,0,5,0,44,2,2,0,0,22,32,3,0,0,1,55,6,4,0,0,0,0,40,1,0,0,5,0,0,1,0,4,11,0,0,52,2,2,0,2,2,40,0,0,32,28,0,0,0,3,21,2,3,12,6,0,2,77,11,30,0,0,20,1,1,4,24,1,0,1,0,0,0,18,1,0
2016-05,6,0,3,0,0,5,7,13,0,0,3,0,0,49,0,1,0,37,21,42,2,7,0,0,7,0,1,0,3,0,0,21,48,18,0,0,1,100,8,4,0,0,0,0,45,1,0,0,0,15,0,1,3,4,49,0,0,100,23,0,0,1,2,4,0,0,0,32,0,0,0,11,24,0,2,13,5,0,1,90,14,44,22,0,44,0,1,6,9,1,0,2,0,0,0,44,1,0
2016-06,5,0,2,0,0,13,15,12,0,0,20,0,0,63,0,1,0,0,12,35,1,8,0,0,3,0,1,0,3,0,0,8,0,85,0,7,1,52,7,3,0,1,0,0,16,1,0,0,0,67,0,1,5,4,0,0,0,2,54,0,0,1,2,2,0,0,0,12,9,0,0,90,8,0,1,8,5,12,1,75,34,40,0,0,1,0,1,10,0,1,0,1,21,3,0,56,1,0
2016-07,8,0,1,0,0,26,70,38,0,0,73,0,0,0,0,1,0,0,12,34,0,8,1,0,0,0,0,0,4,0,0,7,60,1,0,33,1,0,5,4,0,1,0,0,14,1,0,0,0,0,0,1,14,3,0,0,0,1,0,0,0,1,2,2,0,0,0,9,0,0,0,10,6,0,1,7,6,0,0,39,0,26,0,0,1,0,1,6,0,2,1,1,58,0,0,0,1,0
2016-08,30,0,1,0,29,55,76,5,0,0,0,0,0,0,0,1,0,0,0,34,2,12,2,0,0,0,0,0,9,4,0,6,53,4,0,0,1,12,11,5,0,3,0,0,25,1,11,0,5,0,0,7,85,3,0,0,0,1,0,0,0,1,2,3,0,0,0,10,0,0,0,1,5,0,3,6,8,0,1,14,0,9,0,0,1,1,2,23,0,14,0,1,0,0,0,0,1,0
2016-09,92,0,2,36,56,24,18,4,0,25,0,0,0,0,0,1,1,0,0,51,11,18,12,0,10,11,0,0,61,7,20,8,0,2,0,0,1,8,72,4,0,14,0,0,25,2,28,0,0,0,0,6,14,5,0,0,0,1,0,0,0,1,4,4,0,0,0,14,0,2,6,2,17,8,6,30,10,18,1,0,0,4,0,0,2,2,8,21,3,56,1,2,0,0,0,0,3,0
2016-10,37,0,5,0,0,6,6,4,1,28,0,0,0,0,0,2,1,1,13,51,79,23,36,1,38,76,0,0,3,4,32,8,0,1,0,0,1,11,7,4,14,58,0,0,21,4,11,0,0,0,0,3,0,5,0,0,0,1,0,0,5,2,3,4,0,0,0,12,0,68,41,2,14,12,5,10,12,14,1,6,0,7,0,0,1,10,94,14,2,1,1,7,0,0,0,0,27,0
2016-11,7,0,51,0,0,9,5,0,59,22,0,0,0,0,0,3,32,1,11,54,0,17,1,100,23,5,0,0,2,0,0,7,0,1,0,0,1,10,5,4,29,1,0,0,22,16,3,0,5,0,0,9,0,5,0,0,0,1,0,0,13,5,4,5,0,0,0,19,0,2,1,2,20,0,5,9,18,14,1,9,0,6,0,0,1,48,9,7,0,0,1,85,0,5,0,0,1,0
2016-12,3,0,3,0,0,0,5,5,1,0,0,0,0,0,0,6,26,0,14,67,0,13,0,2,4,0,0,0,3,0,0,9,0,1,0,0,6,11,3,7,0,1,0,0,21,27,3,0,6,0,0,40,0,8,0,0,0,1,0,0,100,56,7,9,0,0,0,56,3,0,0,2,30,2,4,8,27,16,1,13,0,13,0,2,1,2,1,4,0,0,2,1,0,23,0,0,1,0
2017-01,2,0,2,6,0,6,8,0,0,0,1,0,6,0,0,32,0,1,36,72,1,11,0,0,5,0,1,1,2,0,0,7,0,1,0,0,81,13,5,17,0,1,0,36,19,2,4,0,10,0,0,5,0,21,3,0,0,1,0,0,4,74,84,16,0,0,0,24,0,0,0,2,45,1,7,8,30,58,6,47,0,26,0,14,2,1,1,5,7,1,32,0,0,0,47,0,1,0
2017-02,4,0,2,0,0,6,5,4,0,0,0,27,9,0,0,7,0,0,17,68,1,8,0,0,6,0,2,5,2,0,0,12,0,1,0,0,5,26,6,98,0,1,0,0,23,2,0,0,37,0,0,2,0,56,5,0,0,3,0,3,0,4,7,11,0,0,0,27,0,0,0,3,54,0,5,8,20,45,16,60,13,24,0,24,4,1,1,5,13,0,75,1,6,0,0,0,1,0
2017-03,4,43,2,8,0,6,6,6,0,0,0,0,30,0,0,2,0,1,36,54,0,8,0,0,6,0,5,20,3,0,0,16,34,1,0,0,2,41,5,6,0,0,0,0,30,2,0,0,89,0,0,1,0,10,8,0,0,15,1,100,0,2,2,13,0,0,6,31,0,0,0,4,39,0,4,9,11,19,100,81,9,36,0,0,6,0,1,6,33,1,1,1,0,0,0,11,1,0
2017-04,6,52,2,0,0,5,6,4,0,0,0,0,35,0,0,1,0,8,50,46,0,7,0,0,6,0,26,68,2,0,0,23,45,3,0,0,1,51,5,6,0,0,0,0,30,1,0,0,8,0,0,1,4,4,10,0,0,21,2,3,0,2,2,42,0,0,26,28,0,0,0,5,22,0,3,11,7,0,1,89,12,41,0,0,37,1,1,5,100,1,1,1,0,0,0,12,2,0
2017-05,6,0,3,0,0,5,8,4,0,0,3,0,5,69,0,1,0,27,14,41,2,7,0,0,8,0,1,0,3,0,0,23,31,16,0,0,1,64,8,5,0,0,0,0,29,1,0,0,0,16,0,1,3,3,38,0,0,82,32,0,0,1,2,4,0,0,0,27,0,0,0,55,21,0,2,13,5,0,1,93,15,44,0,0,67,0,1,5,20,1,1,2,0,3,0,33,1,0
2017-06,7,0,3,0,0,6,16,13,0,0,30,0,0,72,0,1,0,0,14,39,0,8,0,0,4,0,1,0,4,0,0,8,47,70,0,11,1,48,7,6,0,1,0,0,14,1,3,0,0,50,0,1,6,2,0,0,0,2,100,0,0,1,2,2,0,0,4,13,28,0,0,46,9,0,1,8,5,0,1,88,45,45,0,0,1,1,1,18,13,2,1,1,0,3,0,66,1,0
2017-07,15,0,2,6,0,39,72,47,0,0,100,0,0,0,0,1,0,0,0,39,0,8,0,0,0,0,0,0,4,0,0,7,57,1,0,53,1,19,6,5,0,1,0,0,13,2,0,0,5,0,0,1,18,4,0,0,0,1,0,0,0,2,2,2,0,0,0,13,0,0,0,3,5,0,1,6,7,12,1,42,0,23,27,0,1,0,1,10,3,4,1,1,53,0,0,0,1,0
2017-08,44,0,2,6,31,55,92,0,0,0,1,0,0,47,0,1,0,0,0,45,2,14,2,0,4,0,0,0,28,7,0,8,76,4,0,0,1,17,13,6,0,3,0,0,25,2,6,0,5,0,0,1,88,4,0,0,0,1,0,0,0,2,2,3,0,0,0,11,0,0,1,2,8,1,2,7,9,0,1,16,0,15,57,0,2,1,2,36,2,28,1,1,0,0,0,0,2,0
2017-09,100,0,2,100,53,20,15,0,1,25,0,0,0,0,0,1,1,1,12,54,9,18,11,1,9,12,1,0,24,19,30,16,0,2,0,0,1,17,67,5,4,15,0,0,16,2,20,0,0,0,0,2,11,4,0,0,0,1,0,0,0,2,4,4,0,0,0,11,0,1,9,2,12,16,4,28,10,18,1,0,0,8,0,0,1,3,7,57,4,100,1,2,0,0,0,0,5,0
2017-10,42,0,5,7,0,0,5,3,3,49,0,0,0,0,0,2,2,0,10,56,68,26,40,1,34,88,0,0,3,14,73,10,49,1,0,0,1,20,7,5,17,47,0,0,15,4,10,0,5,0,0,1,0,5,0,0,0,1,0,0,4,3,3,3,0,0,0,11,0,49,66,2,12,1,4,9,13,19,1,8,0,5,0,1,1,8,89,17,2,1,1,8,0,2,0,0,52,0
2017-11,8,0,43,0,0,7,4,0,73,0,0,0,0,0,0,3,100,0,10,64,1,19,1,50,24,0,0,0,3,0,0,9,0,1,0,0,1,19,6,5,31,1,0,0,20,16,2,0,8,0,0,5,3,6,2,0,0,1,0,0,11,6,4,5,0,0,0,18,0,1,1,2,21,1,4,9,20,21,1,10,0,9,0,0,1,34,10,7,3,1,1,85,0,5,0,0,2,0
2017-12,2,0,3,0,0,0,5,0,1,0,0,0,4,0,0,7,71,1,0,80,0,13,0,1,7,0,0,0,4,0,0,9,38,1,0,0,10,12,3,6,0,0,0,0,22,25,0,0,0,0,0,51,0,9,0,0,0,1,0,0,84,63,7,10,0,0,0,31,0,0,0,2,25,1,4,8,28,24,2,14,0,14,22,0,1,2,2,5,4,1,3,1,0,20,0,0,1,0
2018-01,3,0,3,0,0,5,8,0,0,0,0,0,9,0,0,10,0,0,39,100,1,12,0,0,6,0,1,2,3,0,0,8,44,1,0,0,94,20,5,18,0,0,0,0,23,1,0,0,18,0,0,4,0,26,3,0,0,1,0,1,0,77,98,18,0,0,0,19,0,0,0,2,42,1,6,7,29,38,5,50,10,21,0,17,2,0,1,6,11,1,44,0,0,2,55,0,2,0
2018-02,4,0,3,5,0,0,5,4,0,0,0,0,16,0,0,29,0,0,19,87,1,8,0,0,5,0,1,7,4,0,0,12,39,1,0,0,3,28,6,88,0,0,0,0,24,1,0,0,47,0,0,1,0,40,9,0,0,5,0,2,0,4,6,12,0,0,0,24,0,0,0,3,52,0,5,9,22,52,14,68,0,24,0,20,5,1,1,5,11,0,100,1,0,0,0,0,2,0
2018-03,5,36,2,7,0,0,5,0,0,0,0,0,29,0,0,2,0,1,30,64,0,7,0,0,7,0,3,55,5,0,0,15,35,1,0,0,3,39,5,6,0,0,0,0,32,1,0,0,100,0,0,1,0,6,7,0,0,12,1,82,0,2,2,19,0,0,35,27,0,0,0,3,35,0,3,7,14,24,76,77,0,41,19,0,7,1,1,5,22,1,1,2,0,0,0,12,2,0
2018-04,6,38,3,0,0,6,5,4,0,0,0,0,28,0,0,1,0,9,48,50,0,7,0,0,8,0,24,7,6,0,0,21,34,2,0,0,1,51,5,4,2,0,0,30,36,1,0,0,0,0,0,1,0,4,13,0,0,14,2,2,0,1,1,42,0,0,9,30,5,0,0,7,23,1,3,11,7,0,1,89,11,35,0,0,34,0,1,6,41,1,1,1,0,0,0,0,2,0
2018-05,7,0,4,0,0,5,8,5,0,0,2,0,5,43,0,2,0,21,0,42,1,7,0,0,8,0,1,0,7,0,0,20,34,17,0,0,1,96,8,3,2,0,0,35,32,1,2,0,5,0,0,2,4,4,39,0,0,53,19,0,0,2,1,2,0,0,0,26,10,0,0,86,23,0,2,13,4,0,0,89,17,45,33,0,87,1,1,13,23,1,1,2,0,0,0,48,2,0
2018-06,7,0,2,0,0,8,16,14,0,0,25,0,3,60,0,1,0,0,0,38,1,8,0,0,5,0,1,0,10,2,0,8,30,100,0,19,1,47,7,3,0,1,0,0,17,1,0,0,0,49,0,1,6,3,0,0,40,1,18,0,0,2,1,1,0,0,0,10,55,0,0,23,10,0,1,6,5,0,0,80,31,39,33,0,2,1,1,10,0,2,1,1,8,2,0,71,1,0
2018-07,14,0,2,0,0,25,74,39,0,0,77,0,0,0,0,1,0,1,0,37,1,10,1,0,3,0,0,0,12,3,0,7,31,1,0,63,1,18,7,4,0,1,0,0,13,1,0,0,0,0,0,1,16,4,2,0,0,1,0,0,0,1,2,1,0,0,0,7,0,0,0,2,5,0,1,5,7,0,1,48,0,30,98,0,1,0,2,10,2,3,0,1,100,0,0,0,2,0
2018-08,37,0,3,5,35,45,77,0,0,0,1,25,0,0,0,1,1,0,0,41,2,15,1,1,5,0,1,0,72,10,0,7,49,4,0,0,1,11,14,3,0,3,0,0,24,1,6,0,0,0,0,1,83,4,0,0,0,1,0,0,0,1,2,3,0,0,0,9,0,0,1,2,6,3,2,7,9,10,0,13,0,12,100,0,2,1,2,11,4,39,0,2,0,0,0,0,3,0
2018-09,98,0,4,32,54,11,12,3,1,41,1,0,0,0,0,1,1,0,0,58,12,17,13,1,8,0,1,0,3,100,44,8,0,1,0,0,1,9,65,5,3,12,0,0,17,2,21,0,0,0,0,1,6,4,0,100,0,1,0,0,0,2,4,3,0,0,0,18,0,1,15,2,14,15,5,36,10,21,1,5,0,5,39,0,2,2,8,48,5,97,1,3,0,0,0,0,8,0
2018-10,44,0,13,0,8,0,4,0,2,33,0,0,0,0,0,2,3,0,0,59,52,22,28,1,30,47,0,0,3,85,97,8,0,1,0,0,1,9,9,3,10,39,0,0,16,4,6,0,6,0,0,2,3,5,0,0,0,1,0,0,0,2,3,3,0,0,0,13,4,52,61,2,28,0,4,9,13,13,1,8,0,6,37,0,1,8,100,21,3,1,0,8,0,0,0,0,86,0
2018-11,11,0,100,0,0,4,4,4,94,0,0,0,3,0,0,3,95,0,11,66,1,15,1,44,30,32,0,0,4,4,11,8,0,1,0,0,1,18,6,4,27,2,0,0,20,15,0,0,6,0,0,6,0,6,0,0,0,1,0,0,10,6,4,6,0,0,0,17,0,2,2,5,25,1,5,11,19,22,1,7,0,10,0,0,1,31,12,7,4,1,1,83,0,4,0,0,2,0
2018-12,3,0,4,0,0,0,4,0,1,0,0,0,5,0,0,7,57,1,20,77,1,11,0,1,6,0,0,1,4,0,0,8,40,1,0,0,9,11,3,5,2,1,0,0,22,21,3,0,7,0,100,79,0,9,0,0,0,1,0,0,66,72,8,9,0,0,0,30,0,0,0,2,26,0,4,10,26,18,1,13,0,12,0,0,1,2,2,4,3,1,2,1,0,21,0,0,2,0
2019-01,4,0,3,0,0,0,7,4,0,0,0,0,6,0,0,12,0,1,27,81,1,9,0,1,3,0,1,2,4,0,0,8,0,1,0,0,73,19,5,15,0,1,0,0,21,1,0,0,17,0,0,9,0,22,3,0,0,1,0,1,0,100,84,13,0,0,0,21,3,0,0,3,43,0,5,8,28,50,4,49,0,23,0,13,3,0,2,5,6,1,28,1,0,0,44,0,2,0
2019-02,3,0,4,6,0,8,4,0,0,0,0,0,13,0,8,25,0,1,13,75,1,8,0,0,4,0,1,4,4,0,0,12,34,1,0,0,5,27,6,90,0,0,0,0,29,1,0,0,59,0,0,2,0,37,4,0,0,3,0,2,0,5,6,10,0,0,0,25,0,0,0,3,66,0,3,8,21,33,11,64,0,24,0,11,5,0,2,5,11,1,56,1,0,0,0,10,2,0
2019-03,5,29,3,10,0,0,5,5,0,0,0,0,52,41,0,2,0,1,21,64,1,7,0,0,7,0,4,13,5,0,0,18,0,1,0,0,1,45,5,23,0,0,0,0,28,1,0,0,97,0,0,1,3,29,7,0,38,10,0,84,0,2,2,14,0,0,4,26,4,0,0,5,39,0,2,10,13,29,78,78,0,31,0,0,7,0,2,6,24,1,1,1,0,0,0,0,2,0
2019-04,7,76,3,0,0,5,4,6,0,0,1,0,37,56,0,2,1,8,44,53,1,7,0,0,4,0,21,55,4,0,0,24,0,2,0,0,1,40,5,23,0,0,0,0,33,1,0,0,6,0,0,1,3,3,9,0,0,15,2,5,0,1,2,39,0,0,28,28,6,0,0,13,24,0,2,12,7,11,1,82,0,36,0,1,31,0,1,5,73,1,1,1,0,0,0,14,2,0
2019-05,7,0,4,5,0,4,7,4,0,0,2,0,5,59,0,1,0,23,9,48,2,6,0,0,6,0,1,0,7,0,0,20,0,14,0,1,1,66,7,24,0,0,0,0,30,1,0,0,7,0,0,1,3,3,43,0,0,56,32,0,0,1,2,3,0,0,0,26,22,0,0,100,23,1,1,15,5,0,0,87,16,41,24,0,100,0,1,6,20,1,1,2,0,0,0,46,2,0
2019-06,9,0,3,0,0,10,15,7,0,0,38,0,0,43,0,1,0,0,8,44,1,8,0,0,3,0,1,0,9,3,0,9,30,47,0,30,1,39,6,16,0,1,0,0,20,1,0,0,0,85,0,1,4,3,0,0,0,2,42,0,0,2,2,2,0,0,0,15,100,0,0,11,13,0,1,8,6,0,1,75,30,46,19,0,2,0,1,6,3,2,1,1,15,0,0,78,2,0
2019-07,14,0,2,0,0,28,62,38,1,0,88,0,0,0,0,1,0,0,0,40,1,8,1,1,3,0,0,0,16,5,0,7,0,2,0,100,1,15,6,7,0,1,0,0,13,1,0,0,7,0,0,1,18,3,0,0,0,1,0,0,0,1,2,2,0,0,0,7,7,0,0,2,6,1,1,7,8,12,1,42,0,25,37,0,2,0,2,17,4,4,1,1,85,0,0,0,2,0
2019-08,43,0,2,8,31,43,72,0,1,0,1,0,4,0,0,1,1,0,0,45,2,12,2,1,5,0,1,0,66,16,0,7,44,7,0,0,1,0,15,6,0,3,0,0,22,1,6,0,6,0,0,1,68,4,0,0,0,1,0,0,0,2,2,3,0,0,0,10,0,0,2,2,11,3,2,8,8,11,1,12,0,10,55,0,2,1,3,24,3,48,1,1,0,0,0,0,3,0
2019-09,95,0,2,40,56,12,11,0,1,0,1,0,4,0,0,2,1,1,8,61,8,16,11,1,10,8,1,0,4,48,42,7,0,1,0,0,1,8,70,6,2,10,0,0,16,2,17,0,5,0,0,1,4,4,0,0,0,1,0,0,4,2,4,4,3,0,0,14,0,1,14,2,13,22,4,49,11,11,1,6,0,4,0,0,2,2,8,65,5,74,1,2,0,0,0,0,12,0
2019-10,49,0,6,7,7,0,3,3,3,55,0,0,0,0,0,2,3,0,9,65,67,21,26,1,33,100,1,0,3,23,100,8,28,1,0,0,1,17,12,6,13,35,0,0,18,3,6,0,4,0,0,2,0,5,0,0,0,1,0,0,3,2,4,3,0,0,0,12,4,38,100,2,16,5,5,9,13,12,1,9,0,6,0,0,2,7,96,14,4,1,1,7,0,2,0,0,100,0
2019-11,12,0,50,8,0,0,4,0,100,0,0,0,4,0,0,2,39,0,12,70,2,14,2,13,23,4,1,0,3,2,10,10,0,1,0,0,1,12,6,6,29,2,0,0,22,12,0,0,6,0,0,4,0,5,0,0,0,1,0,0,10,6,4,5,0,0,0,20,0,2,3,2,22,1,5,9,19,17,1,10,0,13,0,0,2,29,14,8,0,1,1,100,0,5,0,9,3,0
2019-12,3,0,3,6,0,5,4,0,6,0,0,0,4,0,0,7,41,1,14,85,2,10,0,32,4,0,0,1,4,0,0,7,27,1,0,0,7,15,4,6,0,0,0,24,19,21,0,0,8,0,0,69,0,8,3,0,0,1,0,0,80,73,8,11,0,0,0,33,0,0,0,2,26,3,3,8,27,27,2,14,10,13,0,0,1,2,2,4,4,1,2,1,0,15,0,0,2,0
2020-01,4,0,2,5,0,4,6,3,1,0,0,0,8,0,0,27,1,0,17,92,2,9,0,1,7,0,1,1,4,0,0,7,32,1,0,0,90,19,5,17,0,0,0,27,23,1,2,0,22,0,0,6,3,22,3,0,0,1,0,0,7,88,85,18,0,0,0,22,5,0,0,3,45,1,5,10,27,47,4,58,0,28,0,14,3,0,2,5,6,1,22,1,0,0,0,0,3,0
2020-02,3,0,2,6,0,5,4,3,1,0,0,0,13,0,0,4,0,1,14,100,3,7,0,1,4,0,2,4,4,0,0,11,0,1,0,0,4,21,5,75,0,0,0,0,23,1,0,0,79,0,0,2,2,59,3,0,0,3,0,2,0,4,5,11,0,0,0,26,5,0,0,4,89,0,3,9,20,28,12,72,12,29,19,8,5,0,1,5,13,1,55,0,0,0,0,10,3,0
2021-03,9,63,1,0,0,0,1,0,0,0,0,0,24,0,0,2,0,0,0,32,0,28,1,2,0,0,6,100,1,0,0,3,0,1,0,0,1,0,2,2,0,1,0,0,13,5,0,0,0,0,0,0,0,0,0,0,0,2,0,12,0,1,1,13,0,0,82,17,0,0,0,6,16,0,9,4,20,0,0,28,0,42,0,0,0,0,1,7,45,0,0,0,0,0,0,0,1,0
2021-04,6.25,0,1,0,0,0,1,0,0,0,0,0,0,18,0,1.25,0,7.75,0,36.5,0,29.75,0.25,1.5,0,0,30.75,4.25,1.5,0,0,3.25,0,1.25,0,0,1,37.25,2.75,1.25,0,1,0,0,14.25,4.5,0,0,0,0,0,0.75,0,2.25,14.5,0,0,20.25,0,0.75,0,0.5,1.5,33,0,25,0,20.5,0,0,0,34.5,11.75,0,14.25,6.5,17.25,0,0,33,0,22,0,0,2,0,1,8.75,40.25,0,0.25,0,0,0,0,0,1,0
2021-05,7,0,1.8,0,0,0,1,2.6,0,0,0.2,20,0,0,0,2,0,19,0,32.6,0,29,0,1.4,1.4,0,1.8,0,3.6,0,0,2.4,0,10.4,0,0.4,1.2,50.6,4.8,1,0,1,0,0,14.6,5.2,0,0,0,7.2,0,0,0,2.8,33.2,0,0,23.6,1.2,0,0,0.4,1.2,1.2,0,0,0,19,20.6,0,0,7,15.6,0,7.2,8.6,17.4,0,0,39.6,0,41,0,0,2.4,0,1,11.8,11.4,0,0.4,0.4,0,0,0,28.2,0.8,0
2021-06,5.75,0,1,1.75,0,0,1.5,0,0,0,14.25,0,0,0,0,0.5,0,0.5,0,30.5,0,33,0,2,0,0,1.75,0,5.25,3.75,0,1.5,0,43,0,19.5,0,30.25,4.25,1,0,1,0,0,9,4.25,0,0,0,24.5,0,1,0,1,0,0,0,1,8.25,0,0,0.25,1,0,0,0,6.75,10.25,15.25,0,0,1,11.75,0,3.5,4.5,17.5,0,0,43,0,47.75,0,0,0,0,1,27.75,8.5,1,0.5,0,21.25,0,0,6.25,1,0
2021-07,10.5,0,1,0,0,42.25,7.25,4,0,0,0.25,0,0,0,0,0,0,0,0,38.25,0,36,0.75,1.25,0,0,1,0,25.25,14.25,0,1.25,17.5,1,0,14,0.25,0,8.5,1,0,2,0,0,9,5,0,0,0,0,0,0,6.25,0,0,0,0,0.5,42.75,0,0,0.25,1.25,1.5,0,0,0,9.5,0,0,0,1.25,8.5,0,3,4,19.75,0,0,21.5,0,40.25,0,0,0,0,1,20.75,0,1.25,0,0,28.25,0,0,2.25,1,0
2021-08,43.4,0,1,0,0,48.6,8.8,0,0,0,0,0,0,0,0,0.4,0,0,0,46.4,0,44,5.8,1.2,0,0,1,0.2,1,39.6,0,28.4,0,3.4,0,0,0,0,7.6,1,0,6,0,0,17,5.4,13.6,0,0.2,0,0,0,55.6,0,0,0,15.4,0.4,0.2,0,0,0.4,1.2,2,0,0,0,9.2,0,0.2,1,1.4,11,8.6,22.8,14,22.6,0,0,3,0,0,0,0,0,0,1.8,46.4,0,11.2,1.2,0,0,0,0,0,1,0
2021-09,90,0,1,21,0,0,1.25,0,0.75,0,0,0,0,0,0,0,0.75,0,0,49.25,8,50.75,38.25,2,4.25,1.75,1,0,0.5,82.25,40,1.75,0,1,0,0,0.25,0,42,1,0,20.5,0,0,11.75,8.25,49,0,0,0,0,0,0,1.75,0,0,0,0.5,0,0,0,0.5,2,2.25,0,0,0,10,0,2.75,18.25,1,4.5,25,41.5,41.75,28.75,0,0.25,0,0,0,0,0,0,3.75,5.25,44.5,0,29.25,1.25,1,0,5.5,0,0,4.25,0
2021-10,42,0,3.4,0,0,0,1,3,4.6,20,0,0,0,0,0,1,3,0,0,52.8,36.8,59.4,62.6,2.4,20.8,28.4,1,0,1,44.4,54.2,1.4,0,0.4,0,0,0,0,4.6,1,24.2,55.6,0,0,9.8,18.4,0,0,0,0,0,1.4,0,0.8,0,0,20,0.2,0.4,0,0,0.4,2,2.6,0,0,0,11,0,43.2,65.8,1,14.6,0,43.8,5.6,36,0,0,0,0,0,0,0,0,17,47.2,13.8,5.4,0,1.4,5,0,0,0,0,19.8,0
2021-11,8.75,0,20.5,0,0,0,0.75,0,39,0,0,0,0,0,0,3.5,60,0.5,0,52.5,0,48.25,2.5,34,0,0,1,0,1,0,0,1.5,0,0.25,0,0,0.25,0,2.25,1,1.75,1.25,0,0,11,45.5,0,0,0,0,0,3,0,2.75,0,0,0,0.25,0,0,1.5,1.5,2,3.75,0,0,0,12.75,0,0.25,1,1,26.25,0,44.75,6.5,46.5,0,0,0,0,0,0,0,0,58,1.75,11,0,0,1.5,20.75,0,5,0,0,1,0
2021-12,1.25,0,1.25,0,0,0,1,0,1,0,0,0,0,0,0,7.25,21.5,0.5,0,78,0,40.75,0.5,2.25,0,0,1,0,1,0,0,1.5,0,0.25,0,0,1.75,0,2,1.75,0,1,0,0,12.75,43.75,0,0,0,0,0,36.75,0,6,0,0,0,0,0,0,25.25,23,3.5,5.5,0,0,0,35,0,0,0,1,8.25,0,31,4.25,74.75,25,0,0,0,11,0,0,0,1,1,7.75,0,0,3,0,0,28.75,0,0,0.75,0
2022-01,1.4,0,1,0,0,0,1,3.8,0,0,0,0,0,0,0,37.6,0,0,0,57,0,52.8,0,1,0,0,1,0.4,1,0,0,1.6,0,0,0,0,5.4,0,2.6,22.8,0,1,0,0,16,4.2,0,0,0.4,0,0,1.6,0,19.8,0,0,0,0.6,0,0,0,20.4,44.4,8.8,0,0,0,19.4,0,0,0,1.4,38.6,0,51.6,5.4,75.6,13.4,2.2,29.4,0,31,0,4.8,0,0,1,9.6,5.4,0.6,36.4,0,0,0,25.2,0,1,0
2022-02,2.75,0,1,0,8.25,0,1,0,0,0,0,0,11.5,0,0,5.5,0,0,18.25,29.75,0,56,0.5,1,3.25,0,2,2.75,1,6.75,0,2.25,0,0,0,0,1,9.75,3,3.25,0,1,0,0,38,3.75,0,0,2.75,0,0,0.75,0,59.25,0,0,0,1.75,0,1.25,0,1.25,3.5,7,0,0,0,24.25,0.75,0,0,2.5,31.25,0,48.5,6.25,54.25,56,10.75,66,0,44.5,0,29.5,0,0,1,10.75,34,0,37,0,0,0,0,5,1,0
2022-03,3.75,25,1,1.5,0,0,1,0,0,0,0,23.5,67.25,0,0,2.5,0,1.25,0,34.5,0,54,0.25,1,1.5,1.5,5.5,11.5,1.5,0,0,3,0,0.75,0,0,1.5,46,2.75,1.25,0,0.75,0,0,28.25,3.75,0,0,2.75,0,0,0.5,0,6.5,2.25,0,0,6.75,0.5,31.75,0,1,1.5,9.25,0,0,6,28.5,1.5,0,0,18.25,26.25,0,40,6.75,27.75,16,43,69,13.5,40.5,0,0,0.25,0,1,12.25,58.5,0,0,0,0,0,0,3.5,1,0
2022-04,6,0,1.5,0,0,0,1,0,0,0,0,0,42,0,0,2.5,0,7,66.25,35.5,0,50.75,0.25,1,1.25,0,35.25,28.5,2.75,0,0,5.25,0,1.25,0,0,1,42.75,3.25,1,0,1,0,0,26,4.25,0,20.25,0.25,0,20.5,0.25,4.75,4.25,10.75,0,0,13.75,2.25,1,0,0.75,1,26,0,0,44.25,35.5,4.75,0,0,35.25,20.5,0,37,11.25,19.75,0,0.5,73.75,0,78.75,20.5,0,2.25,0,1,12,69.5,0,0.5,0,0,2.5,0,6.75,1.25,0
2022-05,7.4,0,1.8,0,0,0,1.2,0,0,0,0.6,0,0,10.6,0,2.4,0,15.2,0,31.6,1.2,45.8,0,1,1,0,2.6,0,4.4,0,0,4.8,0,9.2,0,0.2,0.2,72.4,4.6,1,0,1,0,0,24.6,3.8,0,0,0.2,0,0,0,0,2.8,38,0,0,20.8,29.8,0,0,0.6,1,2.2,0,0,0,33,33.8,0,0,2.8,28.6,2.2,30.8,10.4,15.4,0,0,66.2,0,75.4,0,0,2.2,0,1.6,29.4,33.6,0.2,0.2,0.4,0,0,0,24.8,1,0
2022-06,7.75,0,1,0,0,0,2.25,5.25,0,0,27,0,0,25,0,0,0,0,0,30.25,0,43.5,0.5,1,0,0,1.75,0,8.75,0,0,1.5,25,33,0,13,0.25,57.5,4.5,1,0,1,0,0,13,4,0,0,0,30,0,0,0,4.5,0,0,0,0.75,41.75,0,0,0,1.5,0.25,0,0,0,13.75,30.75,0,0,1,13,0,8.5,6,16.5,0,0,52,38.5,63.5,0,0,0,0,1,21,4.75,0.75,0,0,16.5,0,0,15.25,1,0
2022-07,14.2,0,1.2,0,0,32,10.6,18.8,0,0,0.6,0,0,0,0,0,0,0,0,29,0,47.8,2,1,0,0,1,0,14.6,8.2,0,1.4,29,1,0,20,0,0,6.4,1,0,2.6,0,0,15.2,5,0,0,0,0,0,0,4.6,1.6,0,0,0,0,0.6,0,0,0,1.2,0.2,0,0,0,13.2,2.8,0,0,1.2,9.4,0,9,5.6,20.4,0,0,23.2,0,35.2,0,0,0,0,1.2,24.6,0,1,0.2,0,18.4,0,0,0,1,0
2022-08,45.75,0,1,3.25,22.75,67.25,49.75,0,0,0,0,0,0,0,25,0,0.25,0,0,27.25,2.25,60.75,6.75,1,1.5,0,0.75,0,1,31,0,2,0,3,0,0,0,0,9.75,1,0,6.75,0,0,15.5,5,0,0,0,0,0,0,56.75,3,0,0,0,0,0.25,0,0,0.5,1.5,2.75,0,0,0,10,1,0,1.25,1,10.5,0,38.25,7.5,26.25,13,0,3.5,13.75,0,0,0,0,0,2.5,64.75,0,16.25,0.25,0.5,0,0,0,0,1.5,0
2022-09,83.5,0,1,32.75,57,16.5,1.5,0,0.25,0,0,0,0,0,0,2.25,1,0,0,33.5,9,73.25,30,1.25,3.75,6.25,1,0,1,64.5,40.5,2,19.25,0.25,0,0,0,8,39.5,1,0,16.5,0,0,15,7.25,78.75,0,0,0,0,0.25,0,2.5,0,25,0,0,0,0,0,0.5,2.25,2.75,0,0,0,11,1.75,2,11,1,11.75,40,56.75,22.5,25,0,0,0,0,6,0,0,0,4,5.75,72,5.25,21.5,0,1,0,0,0,1.25,5,0
2022-10,43.8,0,4.2,1,0,0,1,0,2.6,25.2,0,0,0,0,0,2.2,2.4,0.2,0,40,33.2,89,66.6,2.2,36.4,42.4,1,0,1,26.6,55,2,0,0,0,0,0,0,5.2,1,26,47.2,0,0,14.6,16.2,19,0,0,6.8,0,1.2,0,4.6,0,0,0,0,0,0,0,1,2.2,2.2,20,0,0,12.6,0,38.8,38.6,1,17.2,0,59.8,7.8,30.4,0,0.2,0,0,0,0,0,0,16,45.4,35.2,0,0,0,5,0,0,0,1,26.4,0
2022-11,8.75,0,21.5,0,0,0,0.5,0,30.25,0,0,0,0,0,0,3.5,36.75,0,0,46.75,1.25,69.25,1.75,30.75,8.5,0,1,0,1,0,0,1.75,0,0,0,0,0.5,0,4,1,2.5,1.25,0,0,14.75,44.5,0,25,0,0,0,3,0,6.25,0,0,0,0,0,0,2.75,2.25,2,4.25,0,0,8.25,15.25,0,0.25,0.5,1,40,0,63.75,10,45,0,0.25,5.5,0,0,0,0,0,50.25,2,24.75,4.75,0,0,20.25,0,16.25,0,0,1,0
2022-12,0,0,1.5,0,0,0,1,0,1,0,0,0,0,0,0,11.5,17.75,0.5,0,55.75,0,52.5,0,2.25,0,0,1,0,1,0,0,1.75,0,0,0,0,2.75,13.5,2.5,1.75,0,0.75,19.5,25,14.25,56.75,0,0,0,0,0,34.5,0,8.5,0,0,0,0,0.25,0,34,22.25,3,5.75,0,0,0,29,0,0,0,1,13.5,0,45.75,6.25,65,14.5,0,14,0,23.5,0,0,0,3,1.25,11.5,6,0,2.75,0,0,45.5,25,1.25,1.25,0
2023-01,2.8,0,1.8,0,0,0,1,0,0,0,0,0,0,0,0,34.8,0,0,10.2,39,0,56.8,0,1,0,0,1.6,0.6,1.2,0,0,1.8,0,0,0,0,24.4,20.4,3.6,22.6,0,1,20,0,15.2,4.8,0,0,1,0,0,2.8,0,29,0,0,0,0.6,0.8,0,0,26,38.2,11.6,0,0,0,23.8,0.8,0,0,2,51.4,0,81,7.6,65.4,46.2,2.2,72.6,0,44.2,0,8.4,0,0,1,8.8,19.8,0.4,35.8,0,0,0,5,1,1,0
2023-02,4.5,0,2,1.25,0,7.25,0.5,0,0,0,0,0,17,0,0,3.25,0,0,14,37.25,0,49,0.75,0.5,2,0,2.25,3.75,1.75,0,0,2.5,0,0,0,0,1.25,41.5,3.25,3.5,0,1,0,0,20.25,3.25,0,0,3.5,0,0,0.5,0,62.5,0,0,0,2.25,0,1.5,0,1.5,3.5,7.25,0,0,0,28.5,3,0,0,4,60.75,0,73.5,8,41.5,48.5,9.25,76,0,41.5,0,29.5,0,0,1,9.75,42.25,0,42.25,0,0,0,0,0,1,0
2023-03,5.25,16.75,2,3,7.5,0,0.75,0,0,0,0,0,64.75,0,0,2.75,0,0.5,13.75,32.5,0,47,0,1,3.25,0,5.75,15,3.25,0,0,3.25,0,0.75,25,0,1,47.75,3,1.5,0,0.25,0,0,23.25,2.25,0,0,27.25,0,0,0.5,0,5.25,2.5,18.25,0,6,0.75,36,0,1,1.25,9,0,0,5.75,32.25,3,0,0,43,39.75,0,50.5,8,30.75,26.5,43,77.75,0,65.75,0,0,0.5,0,1,10,65.5,0,0.75,0,0,0,0,1.25,1,0
2023-04,7.2,4.2,1.4,0,0,0,1,0,0,0,0,0,36.4,0,0,1.8,0,25.2,49.8,27.6,0,42.4,0.4,1,1.8,0,23.8,16.6,10.6,0,0,5.2,12.8,1.6,0,0,0,49.2,3.2,1.2,0,0.8,0,0,23,3.6,0,0,1.2,0,20,0,0,2.4,9,0,0,13.6,2.6,0.8,0,0.6,1,25.4,0,0,24.4,32.4,6.2,0,0,15.8,23.4,0,40.6,10.6,18.6,0,0.4,87.2,0,64,0,0,4.2,0,1,9.6,78.8,0,0,0,0,0,0,5,1,0
2023-05,8,0,2,0,0,0,1,0,0,0,1.25,0,0,0,0,2,0,0.5,0,25,0,42.5,0,0.75,0,0,1.75,0,10,0,0,3.75,0,12.5,0,0,0,78.5,4.75,1,0,1,0,0,26,3.5,0,0,1.25,0,0,0.25,0,2.5,44,0,0,21.25,32.75,0,0,0.5,1,1,0,0,0,26.5,32.5,0,0,1.25,22.25,0,26.25,11.25,13.25,0,0,75,0,84.25,25,0,25.25,0,1,13.75,35.25,0,0,0.5,0,0,0,25.5,1,0
2023-06,8.75,0,1,0,0,0,2,2.5,0,0,20,0,0,13,0,1.25,0,0,0,23,0,41.75,0.75,1,0,0,1.25,0,42.25,0,0,1.5,0,33.25,0,9,0,53.75,4,1.25,0,1,0,0,16,4,0,0,0.5,49.75,0,0.25,0,2.75,0,0,0,1,29,0,0,0.25,1,1,0,0,0,12.75,32.75,0,0,1.5,11.5,0,10.75,5.5,14.5,0,0,56.75,34.75,65.75,0,0,0,0,1,20.75,0,1,0,0,4.75,0,0,23.75,1,0
2023-07,16,0,1,0,0,43.4,9.2,25.8,0,10.4,7.4,0,0,0,0,0,0,0.2,0,22.4,0,46.6,1.4,1,0,0,0.8,0,2,3,0,1,0,1,0,16.8,0,25.4,6,1,0,2,16,0,54.2,4.4,0,0,0,0,0,0.2,4.2,3.2,0,0,0,0.2,0,0,0,2.2,1.4,0.6,0,0,0,14.2,2.4,0,0,1.2,3.4,0,13,5.6,17.4,0,0,31.6,0,41.8,0,0,0,0,1.4,12.4,0,1.2,0.2,0.2,28.4,0,0,0,1,0
2023-08,52.25,0,1,1.5,23.5,59.75,7.75,0,0,0,0,0,0,0,21,0.75,0,0,0,26,0,56.5,6,1.25,0,0,1,0,1,23.25,0,1.25,19.5,3,0,0,0,0,8.75,1,0,5.5,0,0,35.75,4.5,11.25,0,0.25,0,0,0,44,3,0,0,0,0,0,0,0,0.5,1.75,2.75,0,0,0,11.75,1,0,1.25,1,8.5,0,39.5,6,20.5,0,0,14.75,0,12.75,0,0,0,0,2.25,53.75,10.75,13.75,0,0.5,0,0,0,0,1.25,0
2023-09,86.25,0,1,31,71.25,11.5,1.25,0,0.5,20.25,0,0,0,0,0,2.5,0.75,0,0,31.75,11,72,25.5,1,5.25,1.5,1,0,1.25,55.5,25.5,1.5,0,0.5,0,0,0,23,41,1,0,13.75,0,0,18.25,6.25,53.75,0,0.5,0,0,0.25,0,5,0,0,0,0,0,0,0,0.5,2.5,2.75,0,0,0,14.75,0,1.75,6.75,1,13.5,34,62.5,33.25,24,0,0.25,4,0,7.75,0,0,0,2.25,4.75,40.25,7,24.75,0.25,1,0,0,0,0,4.25,25
2023-10,44,0,5,2,8.2,0,1,0,2.8,22.6,0,0,0,0,0,2,2,0,0,35.2,29,89,46,2.2,35.8,25.2,0.8,0,1,21.4,49.2,1.6,0,0,0,0,0,11,5.2,1,18.2,39.4,0,0,17.2,14.4,12.6,0,0.4,0,0,1.4,0,4.2,0,0,0,0,0,0,0.8,0.8,2.2,2.6,0,0,0,14.8,0,30.8,24.8,1,15.6,0,62.8,8.8,28.6,0,0.6,5.2,0,0,0,0,0,12.4,40.6,21.2,10.8,0,0.2,4.2,0,0,0,0,24.4,0
2023-11,9.5,0,32,0,0,0,0.75,0,35.25,0,0,0,5.75,0,0,3.75,28,0,0,40.25,0,65.25,2.75,28.5,8,21.25,0.75,0,1.75,0,0,2.25,23.5,0,0,0,0,18.5,3.25,1.75,10.5,1.25,0,0,22.25,39,0,0,0.25,0,0,3.25,0,6.25,0,0,0,0,0,0,3.5,1.5,2.75,5.5,0,0,0,18.25,0,0.5,0.5,1,34.25,0,61.25,7.75,39.75,11.75,0,7.75,0,0,0,0,0,46.5,2.25,11.5,0,0,1,27.5,0,6.5,0,0,1,0
2023-12,3,0,1.2,0,0,6.6,1,0,1,0,0,0,0,0,0,10.2,8.6,0,27.4,48.4,0,55,0.2,2,0,0,0.8,0.2,2.4,0,0,1.6,0,0,0,0,3.4,8,2.6,2,0,0.6,0,0,27.4,39.6,0,0,0.4,0,0,26.8,0,10.8,0,0,0,0,0.4,0,26,32.8,4.4,7.4,0,0,0,29.4,0.8,0,0,1.2,16.6,0,43.8,7.4,61,25.2,0,28.4,0,16.4,19,0,0,1.4,1,7.4,10.8,0,3.8,0,0,32.2,6,0,1,0